time,value_max,value_min
2021-09-01 00:00:00,0.6336064654716129,0.5857761742553387
2021-09-01 00:30:00,0.6399156601263395,0.5629449159469061
2021-09-01 01:00:00,0.5880925094982278,0.5371459424683894
2021-09-01 01:30:00,0.5526744138336387,0.5065812132325137
2021-09-01 02:00:00,0.549931268216099,0.5070077166875527
2021-09-01 02:30:00,0.5238374117491169,0.48281151467126976
2021-09-01 03:00:00,0.5149991253359129,0.47635218003481994
2021-09-01 03:30:00,0.5223744554391895,0.4809797972196893
2021-09-01 04:00:00,0.5381235165435099,0.49512405067687415
2021-09-01 04:30:00,0.5895623515503128,0.5307233880928415
2021-09-01 05:00:00,0.6718495202166677,0.5834849868759528
2021-09-01 05:30:00,0.7459386196576767,0.6594260480448177
2021-09-01 06:00:00,0.7981854734964612,0.6949399420134391
2021-09-01 06:30:00,0.8500655080287663,0.7091965636500216
2021-09-01 07:00:00,0.7912869476513843,0.624398586990936
2021-09-01 07:30:00,0.7303249129720248,0.5436659542493085
2021-09-01 08:00:00,0.6346054870103253,0.3952445884726665
2021-09-01 08:30:00,0.4855367553792722,0.19849689173575746
2021-09-01 09:00:00,0.5364573428899553,0.2246843723831271
2021-09-01 09:30:00,0.4201192971216118,0.12109259603531011
2021-09-01 10:00:00,0.33574420276559247,-0.08685190753081143
2021-09-01 10:30:00,0.44122227709396955,0.0927026470081431
2021-09-01 11:00:00,0.4629334374746961,0.1925189509146465
2021-09-01 11:30:00,0.4585452605289745,0.20649932715005767
2021-09-01 12:00:00,0.3775158056471141,-0.055543741781167555
2021-09-01 12:30:00,0.23331356128263822,-0.33998773234380053
2021-09-01 13:00:00,0.33331209297437925,-0.14079314095286555
2021-09-01 13:30:00,0.3216168064827143,-0.05097764881596803
2021-09-01 14:00:00,0.3955614381971092,0.10423882415760102
2021-09-01 14:30:00,0.47517861736514283,0.24547158780655415
2021-09-01 15:00:00,0.601437324710787,0.3575349130607728
2021-09-01 15:30:00,0.7145069311390685,0.5105842601219249
2021-09-01 16:00:00,0.8424467919798113,0.6145245991256125
2021-09-01 16:30:00,0.9875591135254466,0.8023473908436985
2021-09-01 17:00:00,1.038267517400054,0.8276617526688906
2021-09-01 17:30:00,1.141712880429185,0.9814830604376689
2021-09-01 18:00:00,1.1651095288099467,1.048580396407932
2021-09-01 18:30:00,1.2312926110454434,1.126750144385377
2021-09-01 19:00:00,1.2050787519509556,1.1094015673194346
2021-09-01 19:30:00,1.186321213922318,1.0902894436384076
2021-09-01 20:00:00,1.1208874830121682,1.0111946071024023
2021-09-01 20:30:00,1.0297425038484758,0.9253140204971796
2021-09-01 21:00:00,0.9437793312686634,0.8461030118974923
2021-09-01 21:30:00,0.8703273739399908,0.7695856612320773
2021-09-01 22:00:00,0.7775215533748913,0.6899717587525384
2021-09-01 22:30:00,0.706259745893416,0.6406128617685848
2021-09-01 23:00:00,0.6691436766098777,0.6162250168910097
2021-09-01 23:30:00,0.6391556054393728,0.5898771931122022
2021-09-02 00:00:00,0.673498635787535,0.6194564025692115
2021-09-02 00:30:00,0.6482740983911718,0.6004548354010896
2021-09-02 01:00:00,0.6187241158439349,0.5626760959846717
2021-09-02 01:30:00,0.5791592342062458,0.529074316394201
2021-09-02 02:00:00,0.5646306135466216,0.5222506227918297
2021-09-02 02:30:00,0.5517250928771722,0.5095911982754162
2021-09-02 03:00:00,0.5599789390017117,0.5178150384635024
2021-09-02 03:30:00,0.5616305914576624,0.5173738621246734
2021-09-02 04:00:00,0.5605323573604016,0.5158133291764156
2021-09-02 04:30:00,0.5644534954878744,0.5110287512842968
2021-09-02 05:00:00,0.6645266734385595,0.5752011763279159
2021-09-02 05:30:00,0.7325026207434361,0.6460307371121091
2021-09-02 06:00:00,0.8091964164577301,0.7088627963083625
2021-09-02 06:30:00,0.8469737325063794,0.7322495292154286
2021-09-02 07:00:00,0.828440614885158,0.6995229811517536
2021-09-02 07:30:00,0.8197875059171789,0.6690945628351543
2021-09-02 08:00:00,0.763322804391908,0.5613702875264188
2021-09-02 08:30:00,0.6310090932091464,0.4183436047203909
2021-09-02 09:00:00,0.49403908350493353,0.2721249276331563
2021-09-02 09:30:00,0.347574382323685,0.1414672970213113
2021-09-02 10:00:00,0.35528527217287487,0.05947552579223678
2021-09-02 10:30:00,0.21975963998468384,-0.03900735732662114
2021-09-02 11:00:00,0.08871134649746244,-0.14269894719179416
2021-09-02 11:30:00,0.09267936786431683,-0.16678216322331205
2021-09-02 12:00:00,0.11610499972937752,-0.3551016415219802
2021-09-02 12:30:00,0.2348181369527666,-0.35164443412978846
2021-09-02 13:00:00,0.4227604435726583,-0.0567033025327284
2021-09-02 13:30:00,0.3925813552945915,-0.06256705800884807
2021-09-02 14:00:00,0.2639998511465619,-0.5112004802389248
2021-09-02 14:30:00,0.2730114161697088,-0.35131488549639633
2021-09-02 15:00:00,0.4745766579558317,0.046540882766751474
2021-09-02 15:30:00,0.596211826446896,0.30933075504796614
2021-09-02 16:00:00,0.7043076869140864,0.4559903123037029
2021-09-02 16:30:00,0.8421929257452561,0.6072773160540317
2021-09-02 17:00:00,1.0127503234900885,0.7737218443141372
2021-09-02 17:30:00,1.1639694962854121,0.9926800531779382
2021-09-02 18:00:00,1.2076103501426088,1.0965479055184864
2021-09-02 18:30:00,1.203445689714256,1.1070407495190417
2021-09-02 19:00:00,1.1897506804270916,1.0929984256705882
2021-09-02 19:30:00,1.1578612436060784,1.0421387075277369
2021-09-02 20:00:00,1.05285437417418,0.944633169905489
2021-09-02 20:30:00,0.9906038344595292,0.8965559776547651
2021-09-02 21:00:00,0.9277632072729343,0.8312948997259255
2021-09-02 21:30:00,0.8486040932501444,0.7488627250377979
2021-09-02 22:00:00,0.7498559532338943,0.661353433469834
2021-09-02 22:30:00,0.6823201985775411,0.6105868726822687
2021-09-02 23:00:00,0.6239694571543861,0.5697820784699819
2021-09-02 23:30:00,0.597759935052762,0.5508371708303543
2021-09-03 00:00:00,0.6380071175024138,0.5817864650013729
2021-09-03 00:30:00,0.5905534042699395,0.544055131296486
2021-09-03 01:00:00,0.5784473967932424,0.5256066378080935
2021-09-03 01:30:00,0.5282489315315566,0.478739505738631
2021-09-03 02:00:00,0.5339799161161365,0.49234244325024784
2021-09-03 02:30:00,0.5354745325657669,0.493297465561109
2021-09-03 03:00:00,0.5166522492643864,0.4756333429770098
2021-09-03 03:30:00,0.5145113954415526,0.47200389583478053
2021-09-03 04:00:00,0.5292606970179943,0.48568913258202756
2021-09-03 04:30:00,0.5572319409246338,0.5036559247604013
2021-09-03 05:00:00,0.6319134359413263,0.5508340603972586
2021-09-03 05:30:00,0.7152329337588834,0.6321872087551828
2021-09-03 06:00:00,0.752794128397972,0.6487659284784331
2021-09-03 06:30:00,0.8046312127496849,0.6541128587897083
2021-09-03 07:00:00,0.7307800832339054,0.5474603066134917
2021-09-03 07:30:00,0.6527051474379131,0.43924400511464556
2021-09-03 08:00:00,0.5647924974460179,0.2676660234314392
2021-09-03 08:30:00,0.5178875605061465,-0.03749606794299287
2021-09-03 09:00:00,0.11784111212973059,-0.6706521087795131
2021-09-03 09:30:00,0.09548834994896616,-0.6439449205816125
2021-09-03 10:00:00,0.055922843396276734,-0.6394816115978762
2021-09-03 10:30:00,0.23851337687245633,-0.5557837529215368
2021-09-03 11:00:00,-0.06063888944641138,-0.9542157200864754
2021-09-03 11:30:00,-0.1554451387643292,-1.0186638366039344
2021-09-03 12:00:00,-0.24804074592541525,-1.1496924578603591
2021-09-03 12:30:00,-0.15991757230981318,-1.2901357134390325
2021-09-03 13:00:00,0.04190196903181653,-1.3827313803194543
2021-09-03 13:30:00,-0.21362921114523092,-1.419587940731968
2021-09-03 14:00:00,-0.04067913457002703,-1.3780136064581576
2021-09-03 14:30:00,-0.2416976743728021,-1.2340085312561513
2021-09-03 15:00:00,-0.06994195885813015,-0.8801345227317595
2021-09-03 15:30:00,0.18007292982145695,-0.5611866687494562
2021-09-03 16:00:00,0.26956116818056697,-0.31892046328802515
2021-09-03 16:30:00,0.5830949079295169,0.09087654409480045
2021-09-03 17:00:00,0.8098525598395083,0.4689242986063613
2021-09-03 17:30:00,0.9559103480145574,0.7446827006390515
2021-09-03 18:00:00,1.0540338978659782,0.9217530471891189
2021-09-03 18:30:00,1.1003516581474782,1.0083787758661473
2021-09-03 19:00:00,1.1114088782994815,1.01562112117089
2021-09-03 19:30:00,1.0453255125731225,0.9474837244485855
2021-09-03 20:00:00,1.0142496312184832,0.9216005213508269
2021-09-03 20:30:00,0.9413198563362372,0.8542000932809352
2021-09-03 21:00:00,0.9295174734697073,0.8308259404437311
2021-09-03 21:30:00,0.8292480678761894,0.7341252037629814
2021-09-03 22:00:00,0.7718445312070343,0.6963847261750116
2021-09-03 22:30:00,0.7097193973000266,0.6426160701866124
2021-09-03 23:00:00,0.6682669229328851,0.6160131031081156
2021-09-03 23:30:00,0.6259774651458946,0.5713639470267743
2021-09-04 00:00:00,0.6449519971810099,0.5918436022033146
2021-09-04 00:30:00,0.6200426707194959,0.5747079197757161
2021-09-04 01:00:00,0.5951564429145365,0.5421279092758368
2021-09-04 01:30:00,0.5514294308575263,0.4998405888150459
2021-09-04 02:00:00,0.5217690620282261,0.48362147321892873
2021-09-04 02:30:00,0.5295124295523576,0.4891575609707196
2021-09-04 03:00:00,0.50988734704322,0.47006428552565704
2021-09-04 03:30:00,0.5220389399044552,0.48084072329386235
2021-09-04 04:00:00,0.5324001889371751,0.48920971773684346
2021-09-04 04:30:00,0.532494153888416,0.4874314691396459
2021-09-04 05:00:00,0.587625353512113,0.525578882738291
2021-09-04 05:30:00,0.6044650853524465,0.541947396477007
2021-09-04 06:00:00,0.6022290498708752,0.5032121235102517
2021-09-04 06:30:00,0.5487018193320469,0.3771797308879796
2021-09-04 07:00:00,0.4149608438583728,0.18835384085087276
2021-09-04 07:30:00,0.18592392303911667,-0.0647824413641023
2021-09-04 08:00:00,-0.015644352018722718,-0.3096665687799468
2021-09-04 08:30:00,-0.2968255711751817,-0.613874007089402
2021-09-04 09:00:00,-0.5363737482296042,-0.8159425895529052
2021-09-04 09:30:00,-0.6907932863030054,-0.9588889387568841
2021-09-04 10:00:00,-0.8948529384066194,-1.1391199188513426
2021-09-04 10:30:00,-1.0705796008214103,-1.2605679237299037
2021-09-04 11:00:00,-1.1175215699323935,-1.3250046088932994
2021-09-04 11:30:00,-1.0747746480774514,-1.3450568714267805
2021-09-04 12:00:00,-0.8847850969306378,-1.3962597870068079
2021-09-04 12:30:00,-0.881829756958546,-1.3932018777078945
2021-09-04 13:00:00,-0.8535673874060791,-1.453701002118946
2021-09-04 13:30:00,-0.45912963420470665,-1.4946210247152152
2021-09-04 14:00:00,-0.02595900776731208,-1.4239670058071856
2021-09-04 14:30:00,0.34753468017197287,-0.7035045207273573
2021-09-04 15:00:00,0.12398871609715989,-1.0951766359480044
2021-09-04 15:30:00,0.33899306382312033,-0.709346374344559
2021-09-04 16:00:00,0.37499931127302244,-0.30460437405945673
2021-09-04 16:30:00,0.5437901824142486,-0.05106681861713652
2021-09-04 17:00:00,0.7946970312933483,0.40793133691450784
2021-09-04 17:30:00,0.9310941709499332,0.6977120359841191
2021-09-04 18:00:00,1.0262684788698189,0.8904437609234386
2021-09-04 18:30:00,1.0493574030528834,0.9586828168852273
2021-09-04 19:00:00,1.0749303084113697,0.981633722647796
2021-09-04 19:30:00,1.0252523834113167,0.9320675456017349
2021-09-04 20:00:00,0.9889397052111206,0.8992112638146825
2021-09-04 20:30:00,0.9164649898690633,0.8263646441740613
2021-09-04 21:00:00,0.8564202432106335,0.7736193866428843
2021-09-04 21:30:00,0.7907748999063056,0.7134437398545566
2021-09-04 22:00:00,0.7376972582976906,0.666743573045125
2021-09-04 22:30:00,0.6831761352191326,0.6196118638247143
2021-09-04 23:00:00,0.6290164414833715,0.5751012146395363
2021-09-04 23:30:00,0.5999181353235763,0.5512635982788772
2021-09-05 00:00:00,0.6456856092010707,0.5910619803319018
2021-09-05 00:30:00,0.6145577187642322,0.5697335740627616
2021-09-05 01:00:00,0.5791186817856638,0.5190175287471762
2021-09-05 01:30:00,0.5265387325376533,0.47787536225004434
2021-09-05 02:00:00,0.5158097335215585,0.4775754094488568
2021-09-05 02:30:00,0.523897056307471,0.48501649034782823
2021-09-05 03:00:00,0.5201076542296296,0.4822690477816853
2021-09-05 03:30:00,0.5117032184764402,0.4716587872795838
2021-09-05 04:00:00,0.5173622705220605,0.47660479865644434
2021-09-05 04:30:00,0.52687057399164,0.4845514169124389
2021-09-05 05:00:00,0.5426106142251288,0.4896386692581019
2021-09-05 05:30:00,0.5331028183234731,0.4711985481868618
2021-09-05 06:00:00,0.5582260506769575,0.47510248768296387
2021-09-05 06:30:00,0.634013346683493,0.5065678863298897
2021-09-05 07:00:00,0.643019114049145,0.49540180145494067
2021-09-05 07:30:00,0.6429338105486724,0.45525667639901934
2021-09-05 08:00:00,0.6471534129800776,0.40674427578843275
2021-09-05 08:30:00,0.5018060616297477,0.14267936568534553
2021-09-05 09:00:00,0.4676070504346698,0.13505553249758734
2021-09-05 09:30:00,0.3776914535639977,-0.0018552059246306485
2021-09-05 10:00:00,0.40618232996334735,0.023365371162262033
2021-09-05 10:30:00,0.3418642664819599,-0.0942850280237642
2021-09-05 11:00:00,0.15896754582953282,-0.5682367882166903
2021-09-05 11:30:00,0.14765761747088757,-0.6350269733402155
2021-09-05 12:00:00,-0.17433207620264313,-1.1065983445779226
2021-09-05 12:30:00,-0.08705052239007793,-1.2507890616736768
2021-09-05 13:00:00,-0.4700218132232986,-1.3580859856021266
2021-09-05 13:30:00,-0.33339655653323796,-1.308340923702156
2021-09-05 14:00:00,0.08972728329565671,-1.0768756828079096
2021-09-05 14:30:00,0.08432399147480096,-0.7580327927982838
2021-09-05 15:00:00,0.44199347895193664,-0.12083380433200253
2021-09-05 15:30:00,0.5795403441410808,0.08975804833156242
2021-09-05 16:00:00,0.5944605418942656,0.10078556653711543
2021-09-05 16:30:00,0.8541343504174035,0.5011720345512076
2021-09-05 17:00:00,0.8802092982897067,0.646428972059685
2021-09-05 17:30:00,0.9858376477513536,0.8176831503926124
2021-09-05 18:00:00,1.027350527991866,0.9245554463356674
2021-09-05 18:30:00,1.1188988287357406,1.0112487580382985
2021-09-05 19:00:00,1.173286583419648,1.0763109661222978
2021-09-05 19:30:00,1.1596068224757359,1.060489660534328
2021-09-05 20:00:00,1.0882165607055978,0.9722400888352796
2021-09-05 20:30:00,0.9899504469395791,0.8811450649468208
2021-09-05 21:00:00,0.9085741675324037,0.7905174719944426
2021-09-05 21:30:00,0.8013733416416781,0.7057612674591321
2021-09-05 22:00:00,0.7154357260892282,0.6386571500895807
2021-09-05 22:30:00,0.6498357484892587,0.5904382246021731
2021-09-05 23:00:00,0.6248832312520424,0.5733403104545477
2021-09-05 23:30:00,0.591176375971557,0.5420314068890463
2021-09-06 00:00:00,0.630754508162505,0.5781968802190696
2021-09-06 00:30:00,0.6120597428541559,0.5675679334624386
2021-09-06 01:00:00,0.584903568506209,0.5318310438630167
2021-09-06 01:30:00,0.53682146347377,0.48853058486931183
2021-09-06 02:00:00,0.5091017147884241,0.47023463755248934
2021-09-06 02:30:00,0.516135989836594,0.476737905906107
2021-09-06 03:00:00,0.5091263042468693,0.47071230450342183
2021-09-06 03:30:00,0.5170418207502693,0.47585986809079894
2021-09-06 04:00:00,0.5425762457820913,0.499366032296869
2021-09-06 04:30:00,0.5642404930862608,0.510683439516499
2021-09-06 05:00:00,0.6488937234886791,0.5478470552182364
2021-09-06 05:30:00,0.7488285006606764,0.650213318502488
2021-09-06 06:00:00,0.775731391962973,0.6732120523942567
2021-09-06 06:30:00,0.7974311423440299,0.6557125593751099
2021-09-06 07:00:00,0.7147571181107859,0.5198716819672304
2021-09-06 07:30:00,0.6079505578222976,0.37063625222041974
2021-09-06 08:00:00,0.5130682122270581,0.214611667957234
2021-09-06 08:30:00,0.305283572355137,-0.06788563008063676
2021-09-06 09:00:00,0.18251210912563848,-0.3540524852467602
2021-09-06 09:30:00,0.12227236264440866,-0.7003609341943609
2021-09-06 10:00:00,0.1024897789651601,-0.9842571620775512
2021-09-06 10:30:00,-0.36087454550721865,-1.4565243117502218
2021-09-06 11:00:00,-0.34664222779742115,-1.449966355352169
2021-09-06 11:30:00,-0.48153868534032673,-1.526146162607779
2021-09-06 12:00:00,-0.10078632767438589,-1.467517258146424
2021-09-06 12:30:00,-0.0403989293179291,-1.4351826417597544
2021-09-06 13:00:00,0.2730179936049141,-0.8650261710644257
2021-09-06 13:30:00,0.0010786096973457449,-1.5582351191008068
2021-09-06 14:00:00,-0.03193142883112554,-1.427605797617034
2021-09-06 14:30:00,-0.10533031866870446,-1.2485813070940266
2021-09-06 15:00:00,-0.027783826174774817,-0.8710454588560524
2021-09-06 15:30:00,0.15669953221694985,-0.465988920742311
2021-09-06 16:00:00,0.41983767537959904,-0.08371725821118128
2021-09-06 16:30:00,0.6824486782758841,0.2729976724064911
2021-09-06 17:00:00,0.9613786347632698,0.6571901242722051
2021-09-06 17:30:00,1.0975097035205312,0.9530123269844655
2021-09-06 18:00:00,1.0942595697791073,0.9985026767999429
2021-09-06 18:30:00,1.0963421101715851,1.0189252846555452
2021-09-06 19:00:00,1.154638626041837,1.0675483375324195
2021-09-06 19:30:00,1.1280114785773032,1.0291212051244123
2021-09-06 20:00:00,1.0505263185688247,0.9500496530929179
2021-09-06 20:30:00,0.9854101663958705,0.8829180780297747
2021-09-06 21:00:00,0.9109662936244977,0.8052749911054821
2021-09-06 21:30:00,0.8194459132814795,0.7230520740816466
2021-09-06 22:00:00,0.7402402749690196,0.65252866353708
2021-09-06 22:30:00,0.6636134570798932,0.5977463290845096
2021-09-06 23:00:00,0.6356906440139873,0.5875047795107011
2021-09-06 23:30:00,0.6055671365956669,0.5568669792534177
2021-09-07 00:00:00,0.6454039578499837,0.5932702020168021
2021-09-07 00:30:00,0.6135466347787021,0.566669272361242
2021-09-07 01:00:00,0.5813431287424486,0.527225663964628
2021-09-07 01:30:00,0.5423874479562444,0.49977184795850127
2021-09-07 02:00:00,0.5341008731779529,0.49461850562139803
2021-09-07 02:30:00,0.5219521684758461,0.484529439290829
2021-09-07 03:00:00,0.5191001579381229,0.48017663060821403
2021-09-07 03:30:00,0.5171509688920225,0.4763071163441519
2021-09-07 04:00:00,0.5431409185148498,0.4983076420012408
2021-09-07 04:30:00,0.5743971907871077,0.5093658983899776
2021-09-07 05:00:00,0.6930128054036565,0.5971879482497172
2021-09-07 05:30:00,0.7420201998741203,0.6623213433071631
2021-09-07 06:00:00,0.79834766258812,0.6645371717569305
2021-09-07 06:30:00,0.6922859077546784,0.46833390768994265
2021-09-07 07:00:00,0.4764336302591441,0.222645923011037
2021-09-07 07:30:00,0.1800039374682315,-0.07134102816663129
2021-09-07 08:00:00,-0.06909695485349174,-0.3452689656337742
2021-09-07 08:30:00,-0.351347481996511,-0.6118857800236572
2021-09-07 09:00:00,-0.5963060134885008,-0.8423282530056289
2021-09-07 09:30:00,-0.7959514116360548,-1.0138417813008491
2021-09-07 10:00:00,-0.9816910009547137,-1.1149051400081125
2021-09-07 10:30:00,-1.0836461213777189,-1.2091636652483673
2021-09-07 11:00:00,-1.088217614977038,-1.2501993699525076
2021-09-07 11:30:00,-1.2022235883139574,-1.3508209145540173
2021-09-07 12:00:00,-1.250561301700512,-1.3602768135319323
2021-09-07 12:30:00,-1.217280914431589,-1.3773799959533226
2021-09-07 13:00:00,-1.2321804034112729,-1.3464382735022706
2021-09-07 13:30:00,-1.0583959661662459,-1.303533916494955
2021-09-07 14:00:00,-0.8851214889422524,-1.1482056329926498
2021-09-07 14:30:00,-0.6326817828891371,-1.02975645465632
2021-09-07 15:00:00,-0.2819279726090038,-0.8334725468597317
2021-09-07 15:30:00,0.2808512675693908,-0.5326643054723739
2021-09-07 16:00:00,0.5867733024140633,0.030901287678710865
2021-09-07 16:30:00,0.6542923145641139,0.0947365189819328
2021-09-07 17:00:00,0.9590504988487492,0.5486313835914767
2021-09-07 17:30:00,1.0892035716753168,0.905403588698648
2021-09-07 18:00:00,1.1308985140866508,1.015011532957364
2021-09-07 18:30:00,1.1691560150206646,1.0776966418256022
2021-09-07 19:00:00,1.1942077876949055,1.095757546762156
2021-09-07 19:30:00,1.1604903789849175,1.0619668302158969
2021-09-07 20:00:00,1.1069176682684883,0.9887593894314057
2021-09-07 20:30:00,0.9933581837012859,0.8820866840545551
2021-09-07 21:00:00,0.9291637977702593,0.8199444445912781
2021-09-07 21:30:00,0.8177015628702348,0.7207089515881407
2021-09-07 22:00:00,0.7589363131971936,0.671202093659601
2021-09-07 22:30:00,0.6708838895824986,0.6007680824260536
2021-09-07 23:00:00,0.6296173860685184,0.5783965968562592
2021-09-07 23:30:00,0.5942262260561553,0.5449435956309987
2021-09-08 00:00:00,0.623531342957982,0.5726025750913025
2021-09-08 00:30:00,0.6047055197332825,0.55869705257982
2021-09-08 01:00:00,0.572240367145734,0.5213220737234655
2021-09-08 01:30:00,0.538617507071074,0.49661255060301646
2021-09-08 02:00:00,0.5215014179617491,0.48294178443806846
2021-09-08 02:30:00,0.5317613530023676,0.49253596792628584
2021-09-08 03:00:00,0.5313507612525206,0.4902475179085289
2021-09-08 03:30:00,0.5145319054222821,0.4727945468177031
2021-09-08 04:00:00,0.537057371627513,0.4945022965660236
2021-09-08 04:30:00,0.5753305916316271,0.5133317527472154
2021-09-08 05:00:00,0.677887365210762,0.5897150739446229
2021-09-08 05:30:00,0.7310747214362732,0.6518075580853739
2021-09-08 06:00:00,0.7250478274734088,0.6202336151815874
2021-09-08 06:30:00,0.6518439197916015,0.4941897601418317
2021-09-08 07:00:00,0.5556928773363151,0.3447121680049273
2021-09-08 07:30:00,0.4554725368984982,0.263089983038707
2021-09-08 08:00:00,0.4499704957868267,0.27045317113792144
2021-09-08 08:30:00,0.5065387772831337,0.32170908031606626
2021-09-08 09:00:00,0.6278274148365778,0.4150105331725868
2021-09-08 09:30:00,0.6185520712080945,0.3705096729027922
2021-09-08 10:00:00,0.48280157979058125,0.004090413292500594
2021-09-08 10:30:00,0.4139354768436144,-0.04913001179866858
2021-09-08 11:00:00,0.1527979792326264,-0.4926258576883942
2021-09-08 11:30:00,0.27705575266848104,-0.2998170844307487
2021-09-08 12:00:00,0.39486587092614817,-0.16950423691769329
2021-09-08 12:30:00,0.2319488999514986,-0.6264230260477889
2021-09-08 13:00:00,0.18481506302234962,-0.7176911640712426
2021-09-08 13:30:00,0.1137494519225859,-1.0539857500574725
2021-09-08 14:00:00,-0.1459788901978094,-1.38588016565426
2021-09-08 14:30:00,-0.084928255983448,-1.2669829727970772
2021-09-08 15:00:00,0.657689391065324,-0.13304604980548007
2021-09-08 15:30:00,0.8974252603992239,0.40768756503474535
2021-09-08 16:00:00,1.0603508196430627,0.7975560617569055
2021-09-08 16:30:00,1.0774643301728064,0.8842979505433635
2021-09-08 17:00:00,1.1559712209103479,0.9962264114736304
2021-09-08 17:30:00,1.095030718146044,0.914374945619073
2021-09-08 18:00:00,1.1607925303073436,1.0383999506204225
2021-09-08 18:30:00,1.188185328528,1.088603367547072
2021-09-08 19:00:00,1.2238883741519146,1.1265114754229113
2021-09-08 19:30:00,1.2174103039215156,1.081182190795868
2021-09-08 20:00:00,1.0758127603510794,0.925870262860808
2021-09-08 20:30:00,0.9619489907867352,0.8614191004301323
2021-09-08 21:00:00,0.8982894766097717,0.794925292575248
2021-09-08 21:30:00,0.8087343718319202,0.716338032581614
2021-09-08 22:00:00,0.7354602297812751,0.6594532653095895
2021-09-08 22:30:00,0.6686726157417903,0.6031379614232629
2021-09-08 23:00:00,0.6241158338955033,0.5774631038732663
2021-09-08 23:30:00,0.612184950387136,0.5651048028047075
2021-09-09 00:00:00,0.646604288717276,0.5961096968732238
2021-09-09 00:30:00,0.6209750055453283,0.5743615753219922
2021-09-09 01:00:00,0.58638434455859,0.5291383392212751
2021-09-09 01:30:00,0.5365328419538287,0.489823089705558
2021-09-09 02:00:00,0.523029561395411,0.4823798607612742
2021-09-09 02:30:00,0.5189110917665914,0.4809334020402162
2021-09-09 03:00:00,0.5217437711935878,0.481731080684528
2021-09-09 03:30:00,0.5225062092052716,0.48085773657720876
2021-09-09 04:00:00,0.543520726732806,0.498905077292109
2021-09-09 04:30:00,0.5925782571721648,0.5217374937476934
2021-09-09 05:00:00,0.727020560636121,0.619336281903507
2021-09-09 05:30:00,0.7883240479092539,0.6966328337819296
2021-09-09 06:00:00,0.892298239495725,0.7787209552384372
2021-09-09 06:30:00,0.9002531028941747,0.7733789012659038
2021-09-09 07:00:00,0.9231719637395462,0.7378452369533982
2021-09-09 07:30:00,0.8795556977255439,0.6354004772395994
2021-09-09 08:00:00,0.9503733757136393,0.7065910620106347
2021-09-09 08:30:00,0.8398849623842191,0.5033832255413286
2021-09-09 09:00:00,0.7544230017105078,0.4419125774037818
2021-09-09 09:30:00,0.6055130769360935,0.12940838525128867
2021-09-09 10:00:00,0.591305089452093,0.14410765727412758
2021-09-09 10:30:00,0.1602730246005562,-0.6308031304415962
2021-09-09 11:00:00,0.14803553326026775,-0.8618337486494453
2021-09-09 11:30:00,0.1750094630839394,-0.685179172544947
2021-09-09 12:00:00,0.14798952567390644,-1.0014287619819355
2021-09-09 12:30:00,0.15510529694728126,-0.9000338493367275
2021-09-09 13:00:00,0.2349050391011127,-0.8746161064270543
2021-09-09 13:30:00,0.1782105769360529,-1.1418491798974897
2021-09-09 14:00:00,0.6511436434172772,0.08027582049033655
2021-09-09 14:30:00,0.5821367852117612,0.18556075146918194
2021-09-09 15:00:00,0.6215317597333458,0.14857166593240295
2021-09-09 15:30:00,0.726583609369667,0.1921691863513001
2021-09-09 16:00:00,0.5860038726789805,-0.4616383432000493
2021-09-09 16:30:00,1.1327991378048672,0.6255814887649676
2021-09-09 17:00:00,1.2662418400464424,0.9995194339057123
2021-09-09 17:30:00,1.248854040916859,1.0455070266850104
2021-09-09 18:00:00,1.3030157601203407,1.164206433514536
2021-09-09 18:30:00,1.2623987662932972,1.138899411105368
2021-09-09 19:00:00,1.2686817925188045,1.1451380701146119
2021-09-09 19:30:00,1.1864970985098282,1.043679503774383
2021-09-09 20:00:00,1.055374560192158,0.9295429660748291
2021-09-09 20:30:00,0.978254957073103,0.8828983182858945
2021-09-09 21:00:00,0.9113960041913767,0.8220455861147069
2021-09-09 21:30:00,0.8577338709677297,0.7658268138921397
2021-09-09 22:00:00,0.7729977057354419,0.6749222395384954
2021-09-09 22:30:00,0.673215936294849,0.6096027795592133
2021-09-09 23:00:00,0.6640825286119586,0.6162164984625175
2021-09-09 23:30:00,0.629186792756233,0.5780898557141126
2021-09-10 00:00:00,0.6577830758566068,0.6081518866688218
2021-09-10 00:30:00,0.6198513880958186,0.5768217021114482
2021-09-10 01:00:00,0.5898187148233144,0.5367763903627704
2021-09-10 01:30:00,0.5502395988173598,0.5059727452389868
2021-09-10 02:00:00,0.5324985299243346,0.49219098849182413
2021-09-10 02:30:00,0.5224745029215551,0.48405030886026396
2021-09-10 03:00:00,0.5312452337654396,0.49088560294646566
2021-09-10 03:30:00,0.5265796280774273,0.48375549356711384
2021-09-10 04:00:00,0.5524283583547248,0.5065567636639784
2021-09-10 04:30:00,0.5996345561688503,0.5337217935834357
2021-09-10 05:00:00,0.7118680304015169,0.6002957634020439
2021-09-10 05:30:00,0.8151611384719158,0.7040217887185806
2021-09-10 06:00:00,0.8992604770968856,0.7859141200062846
2021-09-10 06:30:00,0.8665149121857032,0.7335139907699602
2021-09-10 07:00:00,0.867190646259614,0.6702461257993562
2021-09-10 07:30:00,0.863557963581949,0.6328987191309619
2021-09-10 08:00:00,0.7418388809076655,0.37808265951576914
2021-09-10 08:30:00,0.7436702032378039,0.383453650634208
2021-09-10 09:00:00,0.61492934615502,-0.08077044060068816
2021-09-10 09:30:00,0.14509462784877958,-0.7033844128292285
2021-09-10 10:00:00,0.18658506144576226,-0.5448895016341677
2021-09-10 10:30:00,0.16676519709357537,-0.528200479619766
2021-09-10 11:00:00,0.31099100471812724,-0.21968149873582155
2021-09-10 11:30:00,0.30529327606690304,-0.12775833833884073
2021-09-10 12:00:00,0.3679450775927682,-0.01742354307165553
2021-09-10 12:30:00,0.4262524944112176,0.1661378253124395
2021-09-10 13:00:00,0.4343348144451743,0.12699014700095948
2021-09-10 13:30:00,0.42941885181915873,0.11386061835850037
2021-09-10 14:00:00,0.37364516518511726,-0.19446107044654512
2021-09-10 14:30:00,0.5093525271272226,0.1646671809566008
2021-09-10 15:00:00,0.5817967565643516,0.26521115132343187
2021-09-10 15:30:00,0.7251886536285495,0.3185688131139883
2021-09-10 16:00:00,0.9629461174983952,0.5964796769587909
2021-09-10 16:30:00,1.075475896578394,0.8701561035018553
2021-09-10 17:00:00,1.1559474618670782,0.9413988359716177
2021-09-10 17:30:00,1.250924003526141,1.1117614252849868
2021-09-10 18:00:00,1.22557332815182,1.1167341648232523
2021-09-10 18:30:00,1.2047226667192386,1.1055289668373376
2021-09-10 19:00:00,1.1926142251962495,1.0978076422080787
2021-09-10 19:30:00,1.136774330792433,1.0203562293795945
2021-09-10 20:00:00,1.0473832315320741,0.9422956152259523
2021-09-10 20:30:00,0.9858356742845568,0.880023691757232
2021-09-10 21:00:00,0.8949189746292763,0.7880985567992165
2021-09-10 21:30:00,0.790776385259618,0.7111605442567707
2021-09-10 22:00:00,0.7671321738964658,0.6983494595412723
2021-09-10 22:30:00,0.7014739569738566,0.6316523699504013
2021-09-10 23:00:00,0.6601812269355424,0.609240425275943
2021-09-10 23:30:00,0.6312832486223816,0.5819324104849026
2021-09-11 00:00:00,0.6601024348980878,0.6057049758841812
2021-09-11 00:30:00,0.6214289353852847,0.5774089394313944
2021-09-11 01:00:00,0.595148252353836,0.539519104146163
2021-09-11 01:30:00,0.5458016130370675,0.4978884933305556
2021-09-11 02:00:00,0.5246009255626395,0.4850390637588971
2021-09-11 02:30:00,0.5206491862509266,0.48166240429001
2021-09-11 03:00:00,0.5108947429856411,0.47120763266657406
2021-09-11 03:30:00,0.5007860975656389,0.4589399190251904
2021-09-11 04:00:00,0.515283117392651,0.4717645117883734
2021-09-11 04:30:00,0.5492252756005848,0.4953259221483285
2021-09-11 05:00:00,0.6153863527327759,0.5519533116913089
2021-09-11 05:30:00,0.6451727395703669,0.5769183498081664
2021-09-11 06:00:00,0.6664458037497014,0.5784357415370116
2021-09-11 06:30:00,0.6965765858123416,0.5526687283932887
2021-09-11 07:00:00,0.6375460642375066,0.37485535326481223
2021-09-11 07:30:00,0.5667018772948405,0.01774581741748471
2021-09-11 08:00:00,0.25540311043356867,-0.5894915402958604
2021-09-11 08:30:00,0.008465784540779009,-0.8487911158551389
2021-09-11 09:00:00,0.007789224053973087,-1.1894572199571627
2021-09-11 09:30:00,-0.17389594671434327,-1.4155640862262182
2021-09-11 10:00:00,0.08374984501067606,-1.3733662837208551
2021-09-11 10:30:00,0.6933062798602011,-0.13555191303928982
2021-09-11 11:00:00,0.6286434079219784,-0.10024400158955082
2021-09-11 11:30:00,0.48857732717013425,-0.31459485793685216
2021-09-11 12:00:00,0.4773737881899245,-0.43626107503245626
2021-09-11 12:30:00,0.4597801649910413,-0.3081065066505598
2021-09-11 13:00:00,0.2938365494388565,-0.8841224968845448
2021-09-11 13:30:00,0.039946854675561694,-1.2407802099275054
2021-09-11 14:00:00,0.11833982313262115,-0.8402184222131808
2021-09-11 14:30:00,0.05424955014057986,-0.8492681897678757
2021-09-11 15:00:00,0.23335056914607746,-0.6323831297727703
2021-09-11 15:30:00,0.36123745541323987,-0.19777563766743728
2021-09-11 16:00:00,0.47652412430806934,0.013825221931604376
2021-09-11 16:30:00,0.6512738655841616,0.20914314397500036
2021-09-11 17:00:00,0.8483343780076422,0.5658311706038437
2021-09-11 17:30:00,0.954270684398587,0.8054572561921455
2021-09-11 18:00:00,1.010844606724728,0.9014571555952751
2021-09-11 18:30:00,1.0669531935994747,0.970269744026176
2021-09-11 19:00:00,1.0473705925527226,0.9508688867675889
2021-09-11 19:30:00,0.9916179671255755,0.899492919246517
2021-09-11 20:00:00,0.9321756149089381,0.850399336008382
2021-09-11 20:30:00,0.894473562095609,0.8152131900943482
2021-09-11 21:00:00,0.8458534613835036,0.7642662314743189
2021-09-11 21:30:00,0.7947820611018102,0.7229726107299159
2021-09-11 22:00:00,0.7508800280721628,0.6826219380518737
2021-09-11 22:30:00,0.7072006555597331,0.6432145797750585
2021-09-11 23:00:00,0.6841904084806915,0.6301042601465449
2021-09-11 23:30:00,0.6383244524933713,0.5865033221923697
2021-09-12 00:00:00,0.6589771886350504,0.6049878126925594
2021-09-12 00:30:00,0.6162346143666437,0.5679216253696484
2021-09-12 01:00:00,0.5920299797115022,0.5344140323565713
2021-09-12 01:30:00,0.5329460492216215,0.48354273319840174
2021-09-12 02:00:00,0.5166154351997664,0.4756351448131865
2021-09-12 02:30:00,0.5107902219620478,0.47013422747667505
2021-09-12 03:00:00,0.5098383474787873,0.46900857390728934
2021-09-12 03:30:00,0.4992345749123316,0.4565948065490931
2021-09-12 04:00:00,0.5085731424380112,0.4642421268031712
2021-09-12 04:30:00,0.5142396883746357,0.4700103729492441
2021-09-12 05:00:00,0.5445516512425297,0.48983185129966533
2021-09-12 05:30:00,0.5592056146060115,0.49636590054154717
2021-09-12 06:00:00,0.558589018082599,0.47316199184439944
2021-09-12 06:30:00,0.5732470766695428,0.41006567234525176
2021-09-12 07:00:00,0.5113112886719393,0.13483333020409982
2021-09-12 07:30:00,0.29342285592475426,-0.2934947652169291
2021-09-12 08:00:00,0.08862177097255444,-0.4215295996330385
2021-09-12 08:30:00,-0.09512647055998508,-0.6336966533711601
2021-09-12 09:00:00,-0.2125071706229298,-0.9563349231169185
2021-09-12 09:30:00,-0.3056037713764085,-1.2734544913365657
2021-09-12 10:00:00,0.07973780665947683,-1.2964450350392318
2021-09-12 10:30:00,-0.18643345147491208,-1.3308687176991483
2021-09-12 11:00:00,-0.21369931613946525,-1.3608609230084316
2021-09-12 11:30:00,0.14034374831194363,-1.1969832838296786
2021-09-12 12:00:00,-0.09390051282783185,-1.3790809049966304
2021-09-12 12:30:00,-0.21099579773428523,-1.4213399981320696
2021-09-12 13:00:00,0.20684296386475742,-1.060100775988058
2021-09-12 13:30:00,0.19172970784167565,-0.7896966832955511
2021-09-12 14:00:00,0.06876628549921471,-1.053298748579127
2021-09-12 14:30:00,0.2499125740301757,-0.6094587983343682
2021-09-12 15:00:00,0.3514328506087744,-0.33859157951641816
2021-09-12 15:30:00,0.7254350896733862,0.012326419681431111
2021-09-12 16:00:00,1.0320542696753106,0.6125245125349505
2021-09-12 16:30:00,1.1606783776337366,0.9470183706562691
2021-09-12 17:00:00,1.1618783774272468,0.9633795812446182
2021-09-12 17:30:00,1.2375709275725333,1.0918524954498752
2021-09-12 18:00:00,1.2729244857869513,1.159175938815483
2021-09-12 18:30:00,1.2102353949717388,1.0988880073948808
2021-09-12 19:00:00,1.2208524108810161,1.1033747702476475
2021-09-12 19:30:00,1.1162872108999,0.9769058113702682
2021-09-12 20:00:00,1.0052220926831041,0.9064792047782271
2021-09-12 20:30:00,0.9530855356889617,0.8579617681543702
2021-09-12 21:00:00,0.8737583737503888,0.786909564449133
2021-09-12 21:30:00,0.8175398256315207,0.7301538470109357
2021-09-12 22:00:00,0.7397306341583447,0.6532560644154259
2021-09-12 22:30:00,0.6653243455560761,0.6025237086203555
2021-09-12 23:00:00,0.6380763564883554,0.588309996204943
2021-09-12 23:30:00,0.6004301392344629,0.5516958193991746
2021-09-13 00:00:00,0.6401718711442096,0.5889602328559552
2021-09-13 00:30:00,0.6147485768310879,0.5697708778360422
2021-09-13 01:00:00,0.58384668057661,0.5306012941592406
2021-09-13 01:30:00,0.5399688762948809,0.4902883911331366
2021-09-13 02:00:00,0.5065545245622924,0.46658037514895273
2021-09-13 02:30:00,0.4968569037989588,0.4598816296144063
2021-09-13 03:00:00,0.5059781397940623,0.46546765732593104
2021-09-13 03:30:00,0.5173470229882506,0.47388220148368065
2021-09-13 04:00:00,0.5425817569910198,0.49788446115203855
2021-09-13 04:30:00,0.5809098161405821,0.5091845191422
2021-09-13 05:00:00,0.7197534799549204,0.6096279649755288
2021-09-13 05:30:00,0.8247507013918072,0.7153996445922932
2021-09-13 06:00:00,0.8878046003069859,0.7919081876199436
2021-09-13 06:30:00,0.9083138856155945,0.7853759118259874
2021-09-13 07:00:00,0.9061652351846501,0.7221758593324317
2021-09-13 07:30:00,0.7471663501727813,0.4996681118346079
2021-09-13 08:00:00,0.5915268033232902,0.29401278918734464
2021-09-13 08:30:00,0.5017304036097877,0.12163699607530601
2021-09-13 09:00:00,0.4884951873882676,0.06679472869059258
2021-09-13 09:30:00,0.2520679577794337,-0.4393109668051679
2021-09-13 10:00:00,0.10957365057492405,-0.4489564823813097
2021-09-13 10:30:00,0.35043014141808687,-0.3994469726908804
2021-09-13 11:00:00,0.5054103946314316,0.09899225623615224
2021-09-13 11:30:00,0.5242534377740443,0.0043692620095708845
2021-09-13 12:00:00,0.5746101676957472,0.1485527182905726
2021-09-13 12:30:00,0.353493163586425,-0.3675781306600657
2021-09-13 13:00:00,0.249959101258689,-0.28472649614914824
2021-09-13 13:30:00,0.26595197539348625,-0.2668759469629023
2021-09-13 14:00:00,0.3759908720919874,-0.22751103311361026
2021-09-13 14:30:00,0.5678951454147587,0.1288383337646164
2021-09-13 15:00:00,0.5159066484987216,-0.11838800112984532
2021-09-13 15:30:00,0.8025753156095057,0.36266754333870477
2021-09-13 16:00:00,0.9647348451073324,0.699190628449183
2021-09-13 16:30:00,1.0722846345982187,0.8531697250631386
2021-09-13 17:00:00,1.215093953003308,1.055318755872398
2021-09-13 17:30:00,1.2605748691052803,1.1282870171152473
2021-09-13 18:00:00,1.3344568381873048,1.219756504969296
2021-09-13 18:30:00,1.2624809106970665,1.1439455278371875
2021-09-13 19:00:00,1.2221286291122906,1.116394305023696
2021-09-13 19:30:00,1.154886016023116,1.038918427419897
2021-09-13 20:00:00,1.054048597328081,0.945119166672866
2021-09-13 20:30:00,0.9780751800469434,0.8866624747939471
2021-09-13 21:00:00,0.9303049687525601,0.8245317205736918
2021-09-13 21:30:00,0.817157531915847,0.7143793215508886
2021-09-13 22:00:00,0.7315910220140188,0.649062677167565
2021-09-13 22:30:00,0.6598649847932232,0.601753251661802
2021-09-13 23:00:00,0.637222992103859,0.586079129423162
2021-09-13 23:30:00,0.5934895568374116,0.5443491336487117
2021-09-14 00:00:00,0.6222032165368047,0.5714170232363228
2021-09-14 00:30:00,0.5953615948108814,0.5506077485419304
2021-09-14 01:00:00,0.5711238416553386,0.5196996161786482
2021-09-14 01:30:00,0.53444003179941,0.4895047143827944
2021-09-14 02:00:00,0.5086901537628079,0.4691505840708809
2021-09-14 02:30:00,0.5011049735297155,0.4641029467424093
2021-09-14 03:00:00,0.5125814871012404,0.4707162788413334
2021-09-14 03:30:00,0.5223600010510138,0.47826033470104806
2021-09-14 04:00:00,0.5432817153638566,0.49693035195125973
2021-09-14 04:30:00,0.5636144249232095,0.49934123637532124
2021-09-14 05:00:00,0.6985425255245096,0.5912746087064732
2021-09-14 05:30:00,0.7937080719276501,0.6784217400734598
2021-09-14 06:00:00,0.9264518758747028,0.8007565948365204
2021-09-14 06:30:00,0.9562310866727464,0.8373719656158161
2021-09-14 07:00:00,0.8807103549199585,0.7248309092491115
2021-09-14 07:30:00,0.8013989550961697,0.6269265055420629
2021-09-14 08:00:00,0.8196679028607057,0.5817843803450959
2021-09-14 08:30:00,0.7607155688256622,0.36521280610621476
2021-09-14 09:00:00,0.5369673048687486,-0.03402648526395169
2021-09-14 09:30:00,0.5127489598574791,0.09461599050216649
2021-09-14 10:00:00,0.5620847218818154,0.1916488960039955
2021-09-14 10:30:00,0.41644389806833887,-0.27560648850287556
2021-09-14 11:00:00,0.14860673369739008,-0.8902565732376216
2021-09-14 11:30:00,0.10219993949061584,-0.6414134431338354
2021-09-14 12:00:00,0.37463575393482007,-0.30021401783215607
2021-09-14 12:30:00,0.3543964966236755,-0.05952376577148061
2021-09-14 13:00:00,0.3752051588929629,0.06168328243664181
2021-09-14 13:30:00,0.5455471359458605,0.2747858400977995
2021-09-14 14:00:00,0.594288235943436,0.3789129720439035
2021-09-14 14:30:00,0.6701091305865281,0.44027871553556763
2021-09-14 15:00:00,0.673467544494202,0.4390001738017877
2021-09-14 15:30:00,0.6867377400301675,0.4249311086890293
2021-09-14 16:00:00,0.7257581030701508,0.33900861037242747
2021-09-14 16:30:00,0.9242584573376926,0.6155496591379583
2021-09-14 17:00:00,1.0706979944415533,0.8486734198920263
2021-09-14 17:30:00,1.2044040703080514,1.0476846869884404
2021-09-14 18:00:00,1.2578252871965478,1.1455630842621174
2021-09-14 18:30:00,1.2795883305919378,1.181053185316149
2021-09-14 19:00:00,1.268735203259334,1.1700458378940362
2021-09-14 19:30:00,1.2507340635693467,1.1170156209359812
2021-09-14 20:00:00,1.113695435755112,0.9766200740372024
2021-09-14 20:30:00,1.0412692358134295,0.9192894095260256
2021-09-14 21:00:00,0.9271538245845096,0.7980224348662056
2021-09-14 21:30:00,0.813146984244403,0.7121638664453809
2021-09-14 22:00:00,0.7316051587795064,0.6508651532118893
2021-09-14 22:30:00,0.6614183064204573,0.5978238505309963
2021-09-14 23:00:00,0.6209859816512231,0.5734944470045897
2021-09-14 23:30:00,0.6038917014807549,0.557780370524069
2021-09-15 00:00:00,0.6366018033348843,0.5859852630069861
2021-09-15 00:30:00,0.6226074604715358,0.5712010178161341
2021-09-15 01:00:00,0.5733297314432524,0.5204965454831243
2021-09-15 01:30:00,0.5444029090422233,0.49919323734153487
2021-09-15 02:00:00,0.5250379891882402,0.4863708211777009
2021-09-15 02:30:00,0.5227748924769523,0.483522360458896
2021-09-15 03:00:00,0.5218045176955277,0.4809460766414877
2021-09-15 03:30:00,0.5274676347563378,0.4825292575449991
2021-09-15 04:00:00,0.5449255631293174,0.4996777983150367
2021-09-15 04:30:00,0.5863698958914594,0.523978570807532
2021-09-15 05:00:00,0.6994349714300866,0.584338445919892
2021-09-15 05:30:00,0.8305618134326919,0.7175955576760839
2021-09-15 06:00:00,0.8445200155622228,0.7316071149842862
2021-09-15 06:30:00,0.8838819014547769,0.6978705912362883
2021-09-15 07:00:00,0.7476520429551786,0.3483939107711672
2021-09-15 07:30:00,0.43127538511102814,-0.03532328167726548
2021-09-15 08:00:00,0.0710654248494561,-0.35596167683452123
2021-09-15 08:30:00,0.02068829845111303,-0.7980000958568592
2021-09-15 09:00:00,0.04281158318706779,-1.0686440797194137
2021-09-15 09:30:00,0.23211461286632518,-0.7579646839664849
2021-09-15 10:00:00,0.03728491792583666,-1.3896552519218877
2021-09-15 10:30:00,-0.2587744044268361,-1.4650243385397963
2021-09-15 11:00:00,0.014047259744973895,-1.4329985101835285
2021-09-15 11:30:00,0.13482007027415188,-0.9471641710935889
2021-09-15 12:00:00,0.024475782462988982,-1.4452269693717343
2021-09-15 12:30:00,-0.19728923519477948,-1.4927964244980145
2021-09-15 13:00:00,-0.473783706590134,-1.5275911030093106
2021-09-15 13:30:00,-0.22169856785845288,-1.4088055944280995
2021-09-15 14:00:00,-0.00486816465983253,-1.3756656662377567
2021-09-15 14:30:00,0.21205681551213873,-0.8710936235788762
2021-09-15 15:00:00,0.02691975368223476,-1.006454407543003
2021-09-15 15:30:00,0.19222691043437407,-0.5361020108272572
2021-09-15 16:00:00,0.5444363427572372,-0.15218665639049897
2021-09-15 16:30:00,0.778552849891269,0.3644516872033372
2021-09-15 17:00:00,0.9774164938120619,0.7199027404059729
2021-09-15 17:30:00,1.116347036275061,0.9361960544226312
2021-09-15 18:00:00,1.210718544915304,1.078061400323909
2021-09-15 18:30:00,1.25196575777237,1.1483955324935038
2021-09-15 19:00:00,1.2201501116123716,1.1151031946318235
2021-09-15 19:30:00,1.2295367274496152,1.0951947665575061
2021-09-15 20:00:00,1.0692812922882033,0.9108668952711954
2021-09-15 20:30:00,0.9834681721600012,0.8842566085385795
2021-09-15 21:00:00,0.9460059756411281,0.8307054141959038
2021-09-15 21:30:00,0.8210278199742532,0.71358130644278
2021-09-15 22:00:00,0.7228500856478884,0.6327876177249995
2021-09-15 22:30:00,0.6474876033467845,0.586020014122614
2021-09-15 23:00:00,0.6454833468013216,0.5931511229128196
2021-09-15 23:30:00,0.6233261039408291,0.5729883531549391
2021-09-16 00:00:00,0.6413949493781141,0.5886512496725178
2021-09-16 00:30:00,0.6133118937189673,0.5673215440844254
2021-09-16 01:00:00,0.5860702554530243,0.5309572956426255
2021-09-16 01:30:00,0.5408995258644218,0.4942757590866727
2021-09-16 02:00:00,0.5357186905300149,0.4948989314475072
2021-09-16 02:30:00,0.52335298773848,0.48273706099116886
2021-09-16 03:00:00,0.5318844737951901,0.4896961458417281
2021-09-16 03:30:00,0.519639319124976,0.4731980399055391
2021-09-16 04:00:00,0.5438459661329971,0.49807909623350616
2021-09-16 04:30:00,0.5772451108683795,0.5079770308026822
2021-09-16 05:00:00,0.7126551404438459,0.6005945268683628
2021-09-16 05:30:00,0.8156466137201367,0.7060540049576337
2021-09-16 06:00:00,0.887471132864168,0.7759089538542052
2021-09-16 06:30:00,0.8837140412332183,0.714106427102212
2021-09-16 07:00:00,0.8259539133067331,0.4597620099546498
2021-09-16 07:30:00,0.45914359207797073,-0.06293866702794437
2021-09-16 08:00:00,0.24827245424738198,-0.26368523465620086
2021-09-16 08:30:00,0.09585211285659567,-0.48037046042579856
2021-09-16 09:00:00,-0.02591823083360234,-0.892245562918256
2021-09-16 09:30:00,0.019082763332563868,-0.9511046342943068
2021-09-16 10:00:00,-0.12552832377501744,-1.330138416014377
2021-09-16 10:30:00,-0.366198144268685,-1.3924058000328647
2021-09-16 11:00:00,-0.17402095596293732,-1.4542064851523435
2021-09-16 11:30:00,0.045622608693031586,-1.2666133064555698
2021-09-16 12:00:00,-0.04739262343480444,-1.5273388987123733
2021-09-16 12:30:00,-0.4112567501932386,-1.6004223701350964
2021-09-16 13:00:00,0.14830409860869476,-1.407930097766879
2021-09-16 13:30:00,0.33296957480224926,-0.536228390194616
2021-09-16 14:00:00,0.3440593106505932,-0.6481870460110364
2021-09-16 14:30:00,0.31234986293296474,-0.6770900390206657
2021-09-16 15:00:00,0.6521528867171738,0.060924687744690675
2021-09-16 15:30:00,0.6885671011234861,0.2723520877712666
2021-09-16 16:00:00,0.8341836876587503,0.4879209022474608
2021-09-16 16:30:00,0.9913446614575971,0.5429128437232462
2021-09-16 17:00:00,1.2037543805223394,0.9621276044612183
2021-09-16 17:30:00,1.2620047783277952,1.0908107422269335
2021-09-16 18:00:00,1.330975144024396,1.2203423680316754
2021-09-16 18:30:00,1.276255419527452,1.161384186048897
2021-09-16 19:00:00,1.2425273237409278,1.141145313691546
2021-09-16 19:30:00,1.217120313799187,1.0694719588278385
2021-09-16 20:00:00,1.071292332164621,0.9260988290995584
2021-09-16 20:30:00,0.9765213548752798,0.8812856928010762
2021-09-16 21:00:00,0.9393834130027887,0.8283045282372459
2021-09-16 21:30:00,0.823543771985286,0.7218232077736817
2021-09-16 22:00:00,0.7608498903532511,0.673596758403849
2021-09-16 22:30:00,0.6721739134373236,0.598652759798569
2021-09-16 23:00:00,0.6311307194014995,0.576461083702527
2021-09-16 23:30:00,0.5949201337992284,0.5403072284308134
2021-09-17 00:00:00,0.6374967692081056,0.5825315666441874
2021-09-17 00:30:00,0.6176686190751417,0.5706209202116417
2021-09-17 01:00:00,0.594852694375551,0.5402240959002671
2021-09-17 01:30:00,0.540676149836422,0.4931890682578005
2021-09-17 02:00:00,0.5227024889003382,0.4821022614690799
2021-09-17 02:30:00,0.5128533760639015,0.4744710350515562
2021-09-17 03:00:00,0.5166147595436797,0.4752264023130583
2021-09-17 03:30:00,0.5224197665258111,0.4790216230568841
2021-09-17 04:00:00,0.554243361692751,0.506494270144472
2021-09-17 04:30:00,0.5719932606082941,0.5107809010510128
2021-09-17 05:00:00,0.7054877430737015,0.5980238913655728
2021-09-17 05:30:00,0.8145449004554756,0.7022160408083059
2021-09-17 06:00:00,0.8898951345767254,0.7721933421331266
2021-09-17 06:30:00,0.8385969442878556,0.6198929930824812
2021-09-17 07:00:00,0.6752065412634943,0.325100737279182
2021-09-17 07:30:00,0.62933015773944,0.28319822493714286
2021-09-17 08:00:00,0.7306736923736984,0.41218082677066914
2021-09-17 08:30:00,0.6192254720144661,0.25043192077775056
2021-09-17 09:00:00,0.6308869033677234,0.3402561302678463
2021-09-17 09:30:00,0.5497751562932343,0.21929702212355578
2021-09-17 10:00:00,0.5064987062693476,0.09524754196402022
2021-09-17 10:30:00,0.38111933767524653,-0.21435926900016358
2021-09-17 11:00:00,0.20322872872420317,-1.033105700409995
2021-09-17 11:30:00,0.21986586946139575,-0.8506907153427905
2021-09-17 12:00:00,0.19700536855072553,-1.16218592629354
2021-09-17 12:30:00,-0.1307081845850585,-1.402675175493071
2021-09-17 13:00:00,-0.27519003766838224,-1.5484027956908404
2021-09-17 13:30:00,0.06202296397222162,-1.3860907748882745
2021-09-17 14:00:00,-0.13115979817933587,-1.4182525895101707
2021-09-17 14:30:00,-0.011749402540390586,-1.16176669922513
2021-09-17 15:00:00,0.22622682066474098,-0.8935774199897334
2021-09-17 15:30:00,0.8730860282869131,0.18733089841128647
2021-09-17 16:00:00,0.9041717240016278,0.4324558951561819
2021-09-17 16:30:00,0.7845925683182219,0.07006896178437672
2021-09-17 17:00:00,1.0069676779945835,0.6606931707116314
2021-09-17 17:30:00,1.0949062200482622,0.9094570848075038
2021-09-17 18:00:00,1.1614442725267415,1.0117551732991177
2021-09-17 18:30:00,1.1695565219578938,1.062195810820346
2021-09-17 19:00:00,1.1498631175307814,1.0523021780644228
2021-09-17 19:30:00,1.0895691684714992,0.9772107021123134
2021-09-17 20:00:00,0.994599093395734,0.8911502130457047
2021-09-17 20:30:00,0.921831903791135,0.8410633616220234
2021-09-17 21:00:00,0.8803408662156482,0.7914338327067199
2021-09-17 21:30:00,0.8095028044415036,0.7278260414402689
2021-09-17 22:00:00,0.7658452685151751,0.6979390837478971
2021-09-17 22:30:00,0.7008777685258533,0.6337176930929881
2021-09-17 23:00:00,0.6629989194496672,0.6105247747298154
2021-09-17 23:30:00,0.6247979543668201,0.5724443890618076
2021-09-18 00:00:00,0.6473112691773916,0.5969977783579771
2021-09-18 00:30:00,0.6200740675706757,0.5754181634791888
2021-09-18 01:00:00,0.590261489191458,0.5399758447706661
2021-09-18 01:30:00,0.557323719174675,0.512391576627588
2021-09-18 02:00:00,0.535175221029635,0.4954468692416265
2021-09-18 02:30:00,0.5272814097276427,0.48831607990971365
2021-09-18 03:00:00,0.5162362019871338,0.47688588639860724
2021-09-18 03:30:00,0.5256756271952799,0.48333934204327306
2021-09-18 04:00:00,0.5375507100451875,0.4942582279562797
2021-09-18 04:30:00,0.5551684873051896,0.5060761248427494
2021-09-18 05:00:00,0.603915451797272,0.5390286657777044
2021-09-18 05:30:00,0.651600026818017,0.582994068192957
2021-09-18 06:00:00,0.6615453228753455,0.5706366668584696
2021-09-18 06:30:00,0.7341621802018466,0.5812871626083175
2021-09-18 07:00:00,0.7096480846063701,0.44629429210198845
2021-09-18 07:30:00,0.7819436812753283,0.5156543511764143
2021-09-18 08:00:00,0.655569546287806,0.318652222038886
2021-09-18 08:30:00,0.4687277254357459,-0.1855591126650505
2021-09-18 09:00:00,0.07712078291663024,-0.5621163135649474
2021-09-18 09:30:00,0.23044686392137495,-0.4993374868634838
2021-09-18 10:00:00,0.29907538685415447,-0.4618314075227088
2021-09-18 10:30:00,0.6782549713908754,0.3012535105838038
2021-09-18 11:00:00,0.4997039339027803,-0.15354631515962164
2021-09-18 11:30:00,0.07688707674201045,-0.6352247249268717
2021-09-18 12:00:00,-0.03481520016096362,-1.1344609027824755
2021-09-18 12:30:00,-0.5091000002012137,-1.391276048989892
2021-09-18 13:00:00,-0.1384929092247037,-1.2916776092398798
2021-09-18 13:30:00,-0.2216498062343315,-1.0660457023398908
2021-09-18 14:00:00,-0.07805862345057746,-0.8740187279067405
2021-09-18 14:30:00,0.29318369384517295,-0.38013097123443174
2021-09-18 15:00:00,0.40224177410137063,-0.02194227888468761
2021-09-18 15:30:00,0.5122973426314255,0.0774980801374062
2021-09-18 16:00:00,0.629966294053905,0.06874484304288558
2021-09-18 16:30:00,0.9715609289995099,0.6088108316797912
2021-09-18 17:00:00,1.0612638400189311,0.8718689740322139
2021-09-18 17:30:00,1.1325881093395798,0.991537433367211
2021-09-18 18:00:00,1.164242182335004,1.0565365953747496
2021-09-18 18:30:00,1.1142742899662192,1.0109458952154193
2021-09-18 19:00:00,1.0609396539209588,0.9579328052404195
2021-09-18 19:30:00,1.0100018020020776,0.9115600299139264
2021-09-18 20:00:00,0.9377701526408143,0.8478799942492731
2021-09-18 20:30:00,0.8814943492418629,0.8040827395853912
2021-09-18 21:00:00,0.8608029939354062,0.772942770622454
2021-09-18 21:30:00,0.7865396987852628,0.7056253330459833
2021-09-18 22:00:00,0.7265782495715678,0.6556117476389558
2021-09-18 22:30:00,0.6729386690874255,0.6134249710039801
2021-09-18 23:00:00,0.6744739283553909,0.6204910087762985
2021-09-18 23:30:00,0.6107651945936509,0.5540559842246969
2021-09-19 00:00:00,0.6285006973773661,0.574938864227083
2021-09-19 00:30:00,0.6043004022602156,0.5582617617130956
2021-09-19 01:00:00,0.5934422898898086,0.5391681035894915
2021-09-19 01:30:00,0.539818856257082,0.48468926159671155
2021-09-19 02:00:00,0.4999425278030011,0.45922166150957533
2021-09-19 02:30:00,0.4966842364644941,0.4565469297571745
2021-09-19 03:00:00,0.4921758089484666,0.4504293888061799
2021-09-19 03:30:00,0.5072751422394117,0.4634302445577939
2021-09-19 04:00:00,0.5155544437315568,0.47082996019174017
2021-09-19 04:30:00,0.513479156590745,0.46770963331335164
2021-09-19 05:00:00,0.560608382252971,0.49862728603773676
2021-09-19 05:30:00,0.6010678060550007,0.5349656349513393
2021-09-19 06:00:00,0.5869602461266608,0.49941346189360497
2021-09-19 06:30:00,0.5488492388346672,0.40112559359774036
2021-09-19 07:00:00,0.5325195160770828,0.37459569550232374
2021-09-19 07:30:00,0.5747543023230269,0.29102561158654894
2021-09-19 08:00:00,0.3492403067081905,-0.06625794450382047
2021-09-19 08:30:00,0.09452309116737251,-0.4838192999418191
2021-09-19 09:00:00,-0.1962404610999865,-0.7706467968567227
2021-09-19 09:30:00,-0.07034192349887047,-0.8077956386641543
2021-09-19 10:00:00,0.12711285607652806,-0.7343795829236994
2021-09-19 10:30:00,0.7965799463996682,0.10185495076526585
2021-09-19 11:00:00,1.0210588944812775,0.7053565736603639
2021-09-19 11:30:00,0.8775906370348678,0.11772296097288737
2021-09-19 12:00:00,0.3301491610296,-1.1278250719757268
2021-09-19 12:30:00,-0.4007977199425794,-1.3797766402882834
2021-09-19 13:00:00,-0.41897170845537024,-1.4778935453102493
2021-09-19 13:30:00,-0.42839982209200334,-1.2756820236580355
2021-09-19 14:00:00,-0.407989764443888,-1.1265041801910503
2021-09-19 14:30:00,-0.19151793479135581,-1.0535468426828138
2021-09-19 15:00:00,0.2842590688822122,-0.5984961909563458
2021-09-19 15:30:00,0.36676687911740047,-0.32550163019252987
2021-09-19 16:00:00,0.5894006839143933,0.07062326210888137
2021-09-19 16:30:00,0.8554956232182044,0.5007592181083681
2021-09-19 17:00:00,1.076814170652264,0.8498624631443017
2021-09-19 17:30:00,1.1889543676405743,1.0398433341704352
2021-09-19 18:00:00,1.2280595620925763,1.1225526691715941
2021-09-19 18:30:00,1.2571546744447484,1.1501318251312456
2021-09-19 19:00:00,1.1891143059594427,1.0654215452555231
2021-09-19 19:30:00,1.1057789639732127,1.0003726025388464
2021-09-19 20:00:00,1.0319517446657678,0.9345887237126009
2021-09-19 20:30:00,0.9832529390326085,0.8831398403819463
2021-09-19 21:00:00,0.9108967696563655,0.7929460138448319
2021-09-19 21:30:00,0.7916007325848345,0.6940616035317314
2021-09-19 22:00:00,0.7057963119698171,0.6299605700771679
2021-09-19 22:30:00,0.6501687012010781,0.5884801455594576
2021-09-19 23:00:00,0.6340791875325898,0.58652125699816
2021-09-19 23:30:00,0.6057926295683997,0.5592232535098143
2021-09-20 00:00:00,0.6264082278746874,0.5769454517473473
2021-09-20 00:30:00,0.6073233538245545,0.5597926398076981
2021-09-20 01:00:00,0.583571638157801,0.5230174108955322
2021-09-20 01:30:00,0.5283996715762135,0.4787270827538301
2021-09-20 02:00:00,0.5118627304838251,0.47049922860208293
2021-09-20 02:30:00,0.5134313640925197,0.47217451014576356
2021-09-20 03:00:00,0.5160336581515995,0.47358980947520457
2021-09-20 03:30:00,0.5225581166885678,0.4792926030346381
2021-09-20 04:00:00,0.5545812515852503,0.5058071264398786
2021-09-20 04:30:00,0.5740280908140258,0.5150641368730176
2021-09-20 05:00:00,0.6911567975228288,0.584213505690703
2021-09-20 05:30:00,0.8240358766097988,0.6970836578575008
2021-09-20 06:00:00,0.9122132179886147,0.7853946670605159
2021-09-20 06:30:00,0.8334199490686739,0.6214778730308793
2021-09-20 07:00:00,0.6468625851260615,0.29823116811187755
2021-09-20 07:30:00,0.2721208262443452,-0.03504114221257065
2021-09-20 08:00:00,0.03500964139140414,-0.3043406346354157
2021-09-20 08:30:00,-0.3478132582609079,-0.6389214050405774
2021-09-20 09:00:00,-0.5984950412262529,-0.8363059039786813
2021-09-20 09:30:00,-0.8157952121308384,-1.0142370984276554
2021-09-20 10:00:00,-0.9982253118551021,-1.1645727591217334
2021-09-20 10:30:00,-0.9734717976529188,-1.2198043728711783
2021-09-20 11:00:00,-1.1541138447219497,-1.3105678019389313
2021-09-20 11:30:00,-1.2099609891317713,-1.350037918892451
2021-09-20 12:00:00,-1.1519106420538587,-1.3792050623030587
2021-09-20 12:30:00,-1.202059848579954,-1.4030165249240847
2021-09-20 13:00:00,-0.947698798078015,-1.279021022528066
2021-09-20 13:30:00,-0.9799018700582448,-1.1845271501948391
2021-09-20 14:00:00,-0.8370311664184349,-1.0426931041569403
2021-09-20 14:30:00,-0.6425943291596606,-0.9006719817383152
2021-09-20 15:00:00,-0.3075339892083536,-0.6688993147921211
2021-09-20 15:30:00,0.060910295031421896,-0.33979057374677424
2021-09-20 16:00:00,0.47335135641634524,0.07238537799364259
2021-09-20 16:30:00,0.8228377603130332,0.48518981822325125
2021-09-20 17:00:00,1.0516036859345839,0.8184074960281311
2021-09-20 17:30:00,1.1829707810782897,1.0254000633201437
2021-09-20 18:00:00,1.2650436424641929,1.151909978452466
2021-09-20 18:30:00,1.2618202540716885,1.1625589020961156
2021-09-20 19:00:00,1.226418105412145,1.0889022160574258
2021-09-20 19:30:00,1.0938201459104993,0.9671852488583723
2021-09-20 20:00:00,1.014812763964073,0.923325394941877
2021-09-20 20:30:00,0.9548684754829667,0.856213305594736
2021-09-20 21:00:00,0.8849895317357552,0.7755539784851946
2021-09-20 21:30:00,0.7814228428137971,0.6872087540996893
2021-09-20 22:00:00,0.7000166419215988,0.6247194243464868
2021-09-20 22:30:00,0.6493134395242017,0.590334883343371
2021-09-20 23:00:00,0.6146203716699639,0.5663232744634381
2021-09-20 23:30:00,0.5899551064722642,0.5433425044200683
2021-09-21 00:00:00,0.622263410886682,0.5710867445356784
2021-09-21 00:30:00,0.6041296776085522,0.5569895770850185
2021-09-21 01:00:00,0.5767640660436862,0.5224766758019387
2021-09-21 01:30:00,0.5392862253093269,0.4915365536210072
2021-09-21 02:00:00,0.5206178384254405,0.4794259713128435
2021-09-21 02:30:00,0.505670010491565,0.4649132293156419
2021-09-21 03:00:00,0.5106447554220486,0.4669238529708311
2021-09-21 03:30:00,0.5001968657851448,0.4555757193003801
2021-09-21 04:00:00,0.5183953875036247,0.4720627727551874
2021-09-21 04:30:00,0.5785119618930449,0.5054505806142519
2021-09-21 05:00:00,0.697723103431696,0.5888927582665553
2021-09-21 05:30:00,0.7943687330057163,0.6905243600735456
2021-09-21 06:00:00,0.8437697875247737,0.7357059685888551
2021-09-21 06:30:00,0.7868639318430357,0.5801109470034196
2021-09-21 07:00:00,0.6115345996661892,0.3165019797266244
2021-09-21 07:30:00,0.44542355971366043,0.0221519010994303
2021-09-21 08:00:00,0.19144024541146187,-0.37383592159934254
2021-09-21 08:30:00,0.10847464877189372,-0.6126690534476642
2021-09-21 09:00:00,0.10626098700121456,-0.8269109032484647
2021-09-21 09:30:00,-0.25928777275486614,-1.152879024806131
2021-09-21 10:00:00,-0.4761534330564039,-1.2268854469127077
2021-09-21 10:30:00,-0.5587455454955282,-1.2909367205703997
2021-09-21 11:00:00,-0.8672740842978727,-1.416974353300036
2021-09-21 11:30:00,-0.5589544653222773,-1.3986730290508733
2021-09-21 12:00:00,-0.4485938393121811,-1.2301285096606551
2021-09-21 12:30:00,-0.5674348212316604,-1.2678942953370327
2021-09-21 13:00:00,-0.7528662303412738,-1.4379510329388236
2021-09-21 13:30:00,-0.1281282996558777,-1.3269971351719985
2021-09-21 14:00:00,-0.29762455547694044,-1.110271019901747
2021-09-21 14:30:00,-0.02241485303767715,-0.8096666796247118
2021-09-21 15:00:00,0.18228418085264897,-0.3063626268896594
2021-09-21 15:30:00,0.3861825542039946,0.005495261362866127
2021-09-21 16:00:00,0.6238607798907332,0.3015492311198096
2021-09-21 16:30:00,0.8560091157842737,0.5666319699438729
2021-09-21 17:00:00,1.0518647856656589,0.8322858387366076
2021-09-21 17:30:00,1.1810001920046331,1.0220455184057475
2021-09-21 18:00:00,1.2626796459454592,1.139285021883592
2021-09-21 18:30:00,1.318529354000299,1.2143150372403355
2021-09-21 19:00:00,1.3120388943394359,1.196727591556512
2021-09-21 19:30:00,1.2245470909912775,1.0630390846293447
2021-09-21 20:00:00,1.066755770648326,0.9304882772954972
2021-09-21 20:30:00,0.9889554376618714,0.8761718540867616
2021-09-21 21:00:00,0.8832052222248585,0.7647572234136382
2021-09-21 21:30:00,0.7811721185737234,0.6883200881193375
2021-09-21 22:00:00,0.7016678223808517,0.6265282685415712
2021-09-21 22:30:00,0.6511931307769979,0.5899364666259025
2021-09-21 23:00:00,0.6091519932920163,0.5561942951001998
2021-09-21 23:30:00,0.5708041427082248,0.5214225673918321
2021-09-22 00:00:00,0.6096802900278793,0.5601411496750222
2021-09-22 00:30:00,0.5888900892413752,0.5407466878079931
2021-09-22 01:00:00,0.5491775051458967,0.49533798689897046
2021-09-22 01:30:00,0.5156560684142425,0.47362715078646495
2021-09-22 02:00:00,0.4998066467047071,0.46068392155731486
2021-09-22 02:30:00,0.4967105628546153,0.4581529968989025
2021-09-22 03:00:00,0.49898319407928177,0.45835705526389464
2021-09-22 03:30:00,0.5114371008882524,0.46689538617679177
2021-09-22 04:00:00,0.5233342490187004,0.4809578839946985
2021-09-22 04:30:00,0.5707681026813954,0.5049070086446025
2021-09-22 05:00:00,0.6965599066013025,0.5834646093832502
2021-09-22 05:30:00,0.8302767224752576,0.7128012748603845
2021-09-22 06:00:00,0.8855119174921158,0.7778530455289878
2021-09-22 06:30:00,0.8550701663852415,0.6740122621644214
2021-09-22 07:00:00,0.6850041900430133,0.35057961962372897
2021-09-22 07:30:00,0.4139407252023558,-0.015406352448353311
2021-09-22 08:00:00,0.11440005539130918,-0.4305853007931506
2021-09-22 08:30:00,-0.007326342811804776,-0.692211627452865
2021-09-22 09:00:00,-0.31181903444651726,-1.0308773058027905
2021-09-22 09:30:00,-0.3246914433551856,-1.2338632699304957
2021-09-22 10:00:00,0.12727089776547684,-1.1076042039534495
2021-09-22 10:30:00,0.529489439509785,0.01098222886377298
2021-09-22 11:00:00,0.5378409341322781,0.11141996008195937
2021-09-22 11:30:00,0.5053906123316316,0.0709134363775212
2021-09-22 12:00:00,0.3194366629975363,-0.3270399518572615
2021-09-22 12:30:00,0.32166512368035366,-0.23148910565045017
2021-09-22 13:00:00,0.24905136623920823,-0.2932795263959598
2021-09-22 13:30:00,0.35804514282815003,-0.14469067347773523
2021-09-22 14:00:00,0.4561733967151623,0.029926477040255778
2021-09-22 14:30:00,0.26635615477615093,-0.38767215063964866
2021-09-22 15:00:00,0.5478861177905456,0.0960415994657943
2021-09-22 15:30:00,0.5893322188149059,0.06785373592753069
2021-09-22 16:00:00,0.6029927916957675,-0.06510593918259999
2021-09-22 16:30:00,0.9468110451951111,0.42808184222227186
2021-09-22 17:00:00,1.1247743437847855,0.8659368789207634
2021-09-22 17:30:00,1.2218236889943856,1.0752885993253551
2021-09-22 18:00:00,1.2612712210635144,1.1478516647871593
2021-09-22 18:30:00,1.2485720435164513,1.1465910188210564
2021-09-22 19:00:00,1.2394062035372535,1.1366839138261868
2021-09-22 19:30:00,1.2157130929331639,1.064622710009305
2021-09-22 20:00:00,1.06945372933011,0.9252618852045301
2021-09-22 20:30:00,0.9572607482864881,0.854718288742141
2021-09-22 21:00:00,0.896991977998001,0.7996985462299503
2021-09-22 21:30:00,0.8177796036688995,0.7181799368832741
2021-09-22 22:00:00,0.7211982869607871,0.6317334784223254
2021-09-22 22:30:00,0.6325829274069281,0.5681311077982372
2021-09-22 23:00:00,0.6148758192014173,0.567227749313698
2021-09-22 23:30:00,0.5839603327748343,0.5347301497963409
2021-09-23 00:00:00,0.6169884526224859,0.5668122076192245
2021-09-23 00:30:00,0.6056273156994841,0.5557815375764449
2021-09-23 01:00:00,0.5593232643168455,0.5052407106388923
2021-09-23 01:30:00,0.5257820802233661,0.482359410464676
2021-09-23 02:00:00,0.5137910545055232,0.47401172216860843
2021-09-23 02:30:00,0.5096267800605584,0.4684001154131494
2021-09-23 03:00:00,0.500539543680094,0.4588707401283857
2021-09-23 03:30:00,0.5143991989296642,0.46753290635601275
2021-09-23 04:00:00,0.5374319053154623,0.49219202482618735
2021-09-23 04:30:00,0.5734572177221338,0.5098317480985084
2021-09-23 05:00:00,0.6892488840084362,0.5797901648324063
2021-09-23 05:30:00,0.8286226075575406,0.7082494446177382
2021-09-23 06:00:00,0.8965958618302255,0.7839149096882193
2021-09-23 06:30:00,0.9253817020741019,0.7024563886776437
2021-09-23 07:00:00,0.7516367327842004,0.21121365362698336
2021-09-23 07:30:00,0.4235204207824251,-0.34118162552274217
2021-09-23 08:00:00,0.4407657416504689,-0.27714745291947374
2021-09-23 08:30:00,0.6300809889569918,0.15753512064281322
2021-09-23 09:00:00,0.6858977228502552,0.3357996828900717
2021-09-23 09:30:00,0.6865194988565144,0.31239447857097496
2021-09-23 10:00:00,0.6338610250655101,-0.009954060356627548
2021-09-23 10:30:00,0.2092398951224217,-0.9341720188870517
2021-09-23 11:00:00,0.4728901017369078,-0.7212273739245441
2021-09-23 11:30:00,0.16086800701145426,-0.9875304462726078
2021-09-23 12:00:00,0.2249276354895695,-1.0001632845671118
2021-09-23 12:30:00,0.18262655394371508,-1.1251124706718547
2021-09-23 13:00:00,0.5271181431000594,-0.49110260312806614
2021-09-23 13:30:00,0.37438993180635716,-0.6303586985318935
2021-09-23 14:00:00,0.5152220779308145,-0.21107063404253795
2021-09-23 14:30:00,0.5749047045669369,0.1893867769472455
2021-09-23 15:00:00,0.6398066449211971,0.3048009214540509
2021-09-23 15:30:00,0.7879583091348814,0.5044355431039693
2021-09-23 16:00:00,0.8166459472108605,0.5640125462834611
2021-09-23 16:30:00,0.9212377149839859,0.5623396063902935
2021-09-23 17:00:00,1.0934969144973417,0.8797806722420999
2021-09-23 17:30:00,1.1768532187267282,1.010598941814647
2021-09-23 18:00:00,1.308880772867846,1.1894481666762302
2021-09-23 18:30:00,1.306026231630511,1.2017809709035912
2021-09-23 19:00:00,1.2700409276424292,1.149647606037606
2021-09-23 19:30:00,1.1733281738543622,1.0379184250395492
2021-09-23 20:00:00,1.0787876125270346,0.9470885967044085
2021-09-23 20:30:00,0.9534711053847091,0.8418109759860197
2021-09-23 21:00:00,0.8825809823631438,0.7830248212707441
2021-09-23 21:30:00,0.7971448230147932,0.707560792000728
2021-09-23 22:00:00,0.7254681592781234,0.6506381158121914
2021-09-23 22:30:00,0.6567735004132008,0.5933206068999964
2021-09-23 23:00:00,0.623023188522757,0.5706227055211676
2021-09-23 23:30:00,0.593178552462329,0.5416040000031568
2021-09-24 00:00:00,0.6400862402726984,0.5879021316225438
2021-09-24 00:30:00,0.6172481071445794,0.5688705791348474
2021-09-24 01:00:00,0.5824085415308626,0.5273380987557048
2021-09-24 01:30:00,0.5508235754126666,0.5036276594064811
2021-09-24 02:00:00,0.5255601952196671,0.48401747560841857
2021-09-24 02:30:00,0.5213630876106967,0.47707304615825175
2021-09-24 03:00:00,0.5256830554421748,0.4817089232818144
2021-09-24 03:30:00,0.523396045161338,0.47852120319338404
2021-09-24 04:00:00,0.5347117674298285,0.48747057518044423
2021-09-24 04:30:00,0.5793545571546661,0.5040327418025667
2021-09-24 05:00:00,0.7053706849184306,0.5948020330260838
2021-09-24 05:30:00,0.7910064592642999,0.6774102448600828
2021-09-24 06:00:00,0.9011373947600966,0.7839784732144272
2021-09-24 06:30:00,0.9126354412454968,0.7695590784849288
2021-09-24 07:00:00,0.880865242630795,0.6115593060383304
2021-09-24 07:30:00,0.8701790136697398,0.5350154487515038
2021-09-24 08:00:00,0.6871592889288782,0.02465093528024398
2021-09-24 08:30:00,0.35652681688454585,-0.7686877957905405
2021-09-24 09:00:00,0.4364567979058487,-0.695839482259565
2021-09-24 09:30:00,0.5949950736482248,-0.27742778805143703
2021-09-24 10:00:00,0.0737403622816486,-1.3850294993968335
2021-09-24 10:30:00,0.22598897337306978,-1.3192353044262062
2021-09-24 11:00:00,0.04724052959315195,-1.4696516800923332
2021-09-24 11:30:00,-0.05575705292719613,-1.5054564979386678
2021-09-24 12:00:00,0.22991532872894405,-1.2625146657410617
2021-09-24 12:30:00,0.012571336213694995,-1.4766367568247365
2021-09-24 13:00:00,0.2756473374324458,-1.0306895580150734
2021-09-24 13:30:00,0.018858757212538046,-1.5790517804680793
2021-09-24 14:00:00,-0.03705786638453623,-1.4173738417509494
2021-09-24 14:30:00,0.16283788981052605,-1.1640363715309168
2021-09-24 15:00:00,0.7240352089309903,0.1001027934778429
2021-09-24 15:30:00,0.930840241152248,0.505588480985084
2021-09-24 16:00:00,1.125117591378771,0.8429600385776818
2021-09-24 16:30:00,1.2257162161449962,1.050483787551926
2021-09-24 17:00:00,1.2285310375957947,1.0849506409134633
2021-09-24 17:30:00,1.2051058376530024,1.0835171512201447
2021-09-24 18:00:00,1.1676029635132763,1.0655768933623633
2021-09-24 18:30:00,1.1452081992644614,1.0512433715556113
2021-09-24 19:00:00,1.1221344132982265,1.0272107160499913
2021-09-24 19:30:00,1.0787299556226297,0.9635975764107602
2021-09-24 20:00:00,0.9653353335294373,0.8627427759143992
2021-09-24 20:30:00,0.9178703857192854,0.8306624752064131
2021-09-24 21:00:00,0.849904975683603,0.7588485133349319
2021-09-24 21:30:00,0.7863534788521065,0.7160398413172537
2021-09-24 22:00:00,0.7585345938136733,0.6885387592264717
2021-09-24 22:30:00,0.6902732813594278,0.6210972358471217
2021-09-24 23:00:00,0.6590389084795534,0.6069641567933575
2021-09-24 23:30:00,0.6245356634929635,0.5729990255519699
2021-09-25 00:00:00,0.6614735405528565,0.6068461443592512
2021-09-25 00:30:00,0.6229924492035975,0.5763013143383925
2021-09-25 01:00:00,0.5902242847551793,0.5285313005510774
2021-09-25 01:30:00,0.5378799633810893,0.48910817014681474
2021-09-25 02:00:00,0.5128398771338262,0.4750957461638769
2021-09-25 02:30:00,0.522950879553679,0.4807593346878864
2021-09-25 03:00:00,0.5212336272896574,0.4814900279174616
2021-09-25 03:30:00,0.5089844080719581,0.4663167367151669
2021-09-25 04:00:00,0.5219608876114027,0.4795094260178364
2021-09-25 04:30:00,0.5325502259315312,0.4790126091975736
2021-09-25 05:00:00,0.6228645952966805,0.5463667667081911
2021-09-25 05:30:00,0.6564676468571203,0.5894986769487774
2021-09-25 06:00:00,0.7261336712693779,0.6393734675283899
2021-09-25 06:30:00,0.7760514442772072,0.6612818572978248
2021-09-25 07:00:00,0.82933682525964,0.6950617890706468
2021-09-25 07:30:00,0.8630862890840079,0.7172869477383872
2021-09-25 08:00:00,0.8675475967886745,0.7182211113003443
2021-09-25 08:30:00,0.8172385212516624,0.6320017783039489
2021-09-25 09:00:00,0.7546529049335851,0.5671762367663582
2021-09-25 09:30:00,0.7990317936173026,0.577191892205642
2021-09-25 10:00:00,0.7353663112485153,0.5198455323390289
2021-09-25 10:30:00,0.6900167088870417,0.4442267821063335
2021-09-25 11:00:00,0.7008880669195046,0.39338499440626845
2021-09-25 11:30:00,0.7906931420125949,0.5137412427102614
2021-09-25 12:00:00,0.7296415075126009,0.4026234787324957
2021-09-25 12:30:00,0.6453274292226933,0.3504169697546511
2021-09-25 13:00:00,0.7420402457944648,0.44457918606736513
2021-09-25 13:30:00,0.7921876879430032,0.5210280053265846
2021-09-25 14:00:00,0.7106920261729436,0.3026636338092902
2021-09-25 14:30:00,0.6600658836541268,0.11851109309160479
2021-09-25 15:00:00,0.9833041157763106,0.6231739291042656
2021-09-25 15:30:00,1.0314378311964547,0.7898789825083407
2021-09-25 16:00:00,1.0703435989995644,0.8721049992350818
2021-09-25 16:30:00,1.1448360577444283,0.9774039694530832
2021-09-25 17:00:00,1.2537479464679526,1.1163241292110753
2021-09-25 17:30:00,1.2285140138233848,1.0951059505747809
2021-09-25 18:00:00,1.1739983464009858,1.0640710416806463
2021-09-25 18:30:00,1.137301514067923,1.0392106569005641
2021-09-25 19:00:00,1.1073335701996105,0.9865248755248521
2021-09-25 19:30:00,1.002659577483318,0.9026294451693376
2021-09-25 20:00:00,0.9562109514659062,0.8745908618765567
2021-09-25 20:30:00,0.9302232016123118,0.8408093858662942
2021-09-25 21:00:00,0.8504864965028579,0.7606736349214777
2021-09-25 21:30:00,0.8329652603199156,0.749339658714901
2021-09-25 22:00:00,0.7795595744957904,0.687279865481127
2021-09-25 22:30:00,0.6910531483081739,0.6210638186095803
2021-09-25 23:00:00,0.6604734354814366,0.6054249495144073
2021-09-25 23:30:00,0.603541284984765,0.5441067069120791
2021-09-26 00:00:00,0.6525824223937943,0.5975148968243541
2021-09-26 00:30:00,0.6194948538853374,0.5731275028488415
2021-09-26 01:00:00,0.5928788665165133,0.5322777342627113
2021-09-26 01:30:00,0.5397348786186753,0.48956553482983645
2021-09-26 02:00:00,0.5324728166812496,0.4903105209987553
2021-09-26 02:30:00,0.5227501970412985,0.4813343128920396
2021-09-26 03:00:00,0.5230920882728096,0.48214074524344785
2021-09-26 03:30:00,0.5232319121957129,0.480004816772332
2021-09-26 04:00:00,0.5358577591794618,0.48933147071327454
2021-09-26 04:30:00,0.5202784720848831,0.47322397151835244
2021-09-26 05:00:00,0.5679964276533598,0.5072981743639298
2021-09-26 05:30:00,0.6149214129634437,0.5491381247433027
2021-09-26 06:00:00,0.6510538788910901,0.5681928588821704
2021-09-26 06:30:00,0.7286081878073486,0.5978390988829155
2021-09-26 07:00:00,0.7841976834156451,0.6251718084384142
2021-09-26 07:30:00,0.7900577274945998,0.4731293872300689
2021-09-26 08:00:00,0.6503638232015432,0.1904008651868006
2021-09-26 08:30:00,0.3916223835012731,-0.6218263809211046
2021-09-26 09:00:00,0.10471702246642878,-1.0343394950802964
2021-09-26 09:30:00,0.37201406408112797,-0.9205101088218925
2021-09-26 10:00:00,0.4216057593313605,-0.4380720968433253
2021-09-26 10:30:00,0.20452930442132367,-1.3650964547209232
2021-09-26 11:00:00,-0.09460192625831709,-1.4325237764700824
2021-09-26 11:30:00,0.3469077374622167,-0.9989017944658771
2021-09-26 12:00:00,0.6626266792922829,-0.27840004156268916
2021-09-26 12:30:00,0.895183701549933,0.19249672140071172
2021-09-26 13:00:00,0.433234087669969,-0.9260120269821883
2021-09-26 13:30:00,0.6468836723088333,-0.06015555135113815
2021-09-26 14:00:00,0.5256275865354293,-0.6303087250104372
2021-09-26 14:30:00,0.6567702407203387,-0.00460576002638502
2021-09-26 15:00:00,0.7238138188260672,0.29488442661020603
2021-09-26 15:30:00,0.8835395887327245,0.5475898134844329
2021-09-26 16:00:00,0.9632378091069934,0.41762753178790357
2021-09-26 16:30:00,1.1473669722754225,0.8518685476373062
2021-09-26 17:00:00,1.2101230173561546,1.0375913443695572
2021-09-26 17:30:00,1.2545230807309726,1.1261691666748253
2021-09-26 18:00:00,1.27952571171017,1.1696255754791722
2021-09-26 18:30:00,1.242808231342581,1.1354362843251617
2021-09-26 19:00:00,1.190789635835983,1.0818615077175582
2021-09-26 19:30:00,1.1274743945623673,1.0185336681067747
2021-09-26 20:00:00,1.0406940569319632,0.9369422242473628
2021-09-26 20:30:00,0.984774589443972,0.8861384142456431
2021-09-26 21:00:00,0.9101679621609822,0.792753871828562
2021-09-26 21:30:00,0.7979653303220055,0.7017369419415621
2021-09-26 22:00:00,0.7086272046517215,0.6368472498300797
2021-09-26 22:30:00,0.6624981755123073,0.6069605538606441
2021-09-26 23:00:00,0.6480768526446344,0.5943231669306733
2021-09-26 23:30:00,0.5991051185306925,0.5482531291116034
2021-09-27 00:00:00,0.6364283207054442,0.5859717606464359
2021-09-27 00:30:00,0.6198855660423889,0.5737480363236841
2021-09-27 01:00:00,0.5953944385905976,0.5393360411674659
2021-09-27 01:30:00,0.540982035890607,0.49354475455093527
2021-09-27 02:00:00,0.5210604891038043,0.4807817604775052
2021-09-27 02:30:00,0.5119497133351195,0.47282671137727184
2021-09-27 03:00:00,0.5235490627251029,0.48268136197017064
2021-09-27 03:30:00,0.5291762236984843,0.4834503042590004
2021-09-27 04:00:00,0.5569600092584085,0.5084834490784361
2021-09-27 04:30:00,0.5896515992008796,0.523014289627772
2021-09-27 05:00:00,0.7133887903176872,0.5981078364527959
2021-09-27 05:30:00,0.8220839312840729,0.7135253600014217
2021-09-27 06:00:00,0.9017496562209022,0.7848937775488063
2021-09-27 06:30:00,0.9156922165994514,0.6761392141059008
2021-09-27 07:00:00,0.701965624785901,0.15799819394191528
2021-09-27 07:30:00,0.4391046565994011,-0.20021360568497223
2021-09-27 08:00:00,0.2836398915897689,-0.5896311612578111
2021-09-27 08:30:00,0.072142147185563,-0.8004222647299122
2021-09-27 09:00:00,-0.11970603200280239,-1.1806776106628374
2021-09-27 09:30:00,-0.11830255741243267,-1.4788277606469737
2021-09-27 10:00:00,0.24742245846521677,-1.2367558082769703
2021-09-27 10:30:00,0.11987728869208081,-1.5413137122817862
2021-09-27 11:00:00,-0.2405532643888325,-1.6241666762651152
2021-09-27 11:30:00,0.3301659211254046,-1.259712402422055
2021-09-27 12:00:00,-0.3373811372892437,-1.6951285018941702
2021-09-27 12:30:00,0.09094971896532833,-1.5102107090319368
2021-09-27 13:00:00,0.21616501496544582,-1.4773363976948959
2021-09-27 13:30:00,-0.14886434318725827,-1.5632833790566079
2021-09-27 14:00:00,0.668102259394447,-1.0569112639262512
2021-09-27 14:30:00,0.8585197647439636,0.06651344307833906
2021-09-27 15:00:00,0.6789697893000075,-0.4695786264008215
2021-09-27 15:30:00,0.7472668817957753,-0.07065725891059943
2021-09-27 16:00:00,0.7069684525474957,-0.1868473462568389
2021-09-27 16:30:00,1.0823031555436664,0.49557592300978504
2021-09-27 17:00:00,1.2124960925708077,0.9942113233331663
2021-09-27 17:30:00,1.3085564003645846,1.1786970854881413
2021-09-27 18:00:00,1.3030640251998447,1.2082522480714355
2021-09-27 18:30:00,1.2790335695565904,1.1720885239031658
2021-09-27 19:00:00,1.2194633177949732,1.0873635310014271
2021-09-27 19:30:00,1.1104996194374146,0.9885905610126904
2021-09-27 20:00:00,1.027562690212552,0.922248476808721
2021-09-27 20:30:00,0.9625646595724155,0.8539674636441486
2021-09-27 21:00:00,0.8637211428033706,0.7441881556577883
2021-09-27 21:30:00,0.7625909430514202,0.6793927807709865
2021-09-27 22:00:00,0.7153598366613215,0.6401109137092963
2021-09-27 22:30:00,0.6523630593941454,0.5853019828165107
2021-09-27 23:00:00,0.6227607394356784,0.5718566561054188
2021-09-27 23:30:00,0.591007999373435,0.5441485986767318
2021-09-28 00:00:00,0.6169777344496061,0.5667682435491672
2021-09-28 00:30:00,0.6078121531307754,0.5605995708930869
2021-09-28 01:00:00,0.5933002192670156,0.5408777231299298
2021-09-28 01:30:00,0.5417740722943332,0.4921185927544265
2021-09-28 02:00:00,0.5168594753337953,0.47463035284386496
2021-09-28 02:30:00,0.5134367590987804,0.4709611448613215
2021-09-28 03:00:00,0.5213991207509018,0.4785381663579126
2021-09-28 03:30:00,0.522536549566985,0.47760353842554315
2021-09-28 04:00:00,0.5339224998416967,0.4883896933841245
2021-09-28 04:30:00,0.5846531507320584,0.5171171363310508
2021-09-28 05:00:00,0.7126103767908216,0.5983221555983929
2021-09-28 05:30:00,0.8490990780611278,0.7297571032927048
2021-09-28 06:00:00,0.9107029998127142,0.8098000034588978
2021-09-28 06:30:00,0.9362489315084978,0.8176561725778008
2021-09-28 07:00:00,0.8978215387757089,0.7346422323798667
2021-09-28 07:30:00,0.8436658828204568,0.5137565337376018
2021-09-28 08:00:00,0.6185607928223484,-0.03018967488797819
2021-09-28 08:30:00,0.6540449743276872,0.22807992555390752
2021-09-28 09:00:00,0.6579209405752884,0.0998640107530106
2021-09-28 09:30:00,0.8583040621672091,0.44523496652969446
2021-09-28 10:00:00,0.8637073446620525,0.4471368844646988
2021-09-28 10:30:00,0.7299327754080485,0.0932138090363781
2021-09-28 11:00:00,0.8998290625901438,0.5461142801917679
2021-09-28 11:30:00,0.9123511422024987,0.546876177728269
2021-09-28 12:00:00,0.8336441571834705,0.40993638051644643
2021-09-28 12:30:00,0.9650566602997274,0.6525682076390343
2021-09-28 13:00:00,0.9307463610272513,0.6301725224275276
2021-09-28 13:30:00,0.8415151826505121,0.4408406353879961
2021-09-28 14:00:00,0.9812110675738202,0.6731545786841591
2021-09-28 14:30:00,1.127150587463906,0.8674501583589463
2021-09-28 15:00:00,1.2666783665717851,1.0721432023437334
2021-09-28 15:30:00,1.3623709826183972,1.1795107939219238
2021-09-28 16:00:00,1.441697612934879,1.2673348084682188
2021-09-28 16:30:00,1.5153004529706815,1.3688794897319763
2021-09-28 17:00:00,1.487466550146532,1.353606849331132
2021-09-28 17:30:00,1.4594569443353769,1.3388026384457556
2021-09-28 18:00:00,1.4655592832727202,1.3491547077733927
2021-09-28 18:30:00,1.404501226534214,1.2625709771601115
2021-09-28 19:00:00,1.2880876344818226,1.1610119825413907
2021-09-28 19:30:00,1.209014939151022,1.093735035081807
2021-09-28 20:00:00,1.1201140303782184,1.0073325788551946
2021-09-28 20:30:00,1.037355900392102,0.923475239690332
2021-09-28 21:00:00,0.9478511696004704,0.8379536251174587
2021-09-28 21:30:00,0.8622779431507861,0.7430946316077154
2021-09-28 22:00:00,0.7375129788313256,0.6491634168379835
2021-09-28 22:30:00,0.6774537329881293,0.6172956967372344
2021-09-28 23:00:00,0.6623342694594299,0.6045985585675082
2021-09-28 23:30:00,0.6202129169137341,0.5619659700239307
2021-09-29 00:00:00,0.6821038586528988,0.6255961880555266
2021-09-29 00:30:00,0.6483028241866503,0.6009097649663436
2021-09-29 01:00:00,0.6112219309232023,0.5543463408143188
2021-09-29 01:30:00,0.5780364684174911,0.529994348949233
2021-09-29 02:00:00,0.5643429107797807,0.5190176342879548
2021-09-29 02:30:00,0.5554892328874912,0.5121096276678367
2021-09-29 03:00:00,0.5589856772017132,0.5106397918060488
2021-09-29 03:30:00,0.5573858449156774,0.5124760361882963
2021-09-29 04:00:00,0.5641256046669381,0.5140413990461898
2021-09-29 04:30:00,0.6296182349022875,0.551575824254045
2021-09-29 05:00:00,0.7804086917685846,0.6460930795219761
2021-09-29 05:30:00,0.926792221971914,0.8072988567087565
2021-09-29 06:00:00,0.9628802545402506,0.855688716222176
2021-09-29 06:30:00,0.9813062243159618,0.8207902551878568
2021-09-29 07:00:00,0.8607555749492544,0.5494021219964715
2021-09-29 07:30:00,0.7323143667233492,0.29905589832478574
2021-09-29 08:00:00,0.6872597213502027,0.10201207012315971
2021-09-29 08:30:00,0.3849094208981206,-0.7014940660872055
2021-09-29 09:00:00,0.40442326739782725,-0.9081270279481333
2021-09-29 09:30:00,0.20631123018041186,-1.114035663599957
2021-09-29 10:00:00,0.001649418392726587,-1.4316649905833447
2021-09-29 10:30:00,0.04534840770091986,-1.3253509466638798
2021-09-29 11:00:00,0.2661638457629425,-1.3304956145245546
2021-09-29 11:30:00,0.07091992677437442,-1.3466534299418953
2021-09-29 12:00:00,0.04157305647263876,-1.5611606187819729
2021-09-29 12:30:00,-0.0035781549706305205,-1.4441558341060818
2021-09-29 13:00:00,-0.027326143508402567,-1.5456039205353793
2021-09-29 13:30:00,-0.14021464340800094,-1.4990974290479533
2021-09-29 14:00:00,0.2502044300194738,-1.2535521329043822
2021-09-29 14:30:00,0.10206212252359992,-1.2783359417861626
2021-09-29 15:00:00,0.27024768250097164,-0.963347236338135
2021-09-29 15:30:00,0.3874262425598584,-0.6136762715621625
2021-09-29 16:00:00,0.8164907682814516,0.10210644637772825
2021-09-29 16:30:00,1.0661402605915309,0.6941334058370299
2021-09-29 17:00:00,1.184527665963217,0.8860472014072339
2021-09-29 17:30:00,1.3731649938705757,1.1668574997587018
2021-09-29 18:00:00,1.4093788170899235,1.2939834879618384
2021-09-29 18:30:00,1.3507586806666763,1.236804204999586
2021-09-29 19:00:00,1.331335219872836,1.2133938546808287
2021-09-29 19:30:00,1.2414748105298647,1.0959811398254127
2021-09-29 20:00:00,1.1308218450773537,0.9973540677759475
2021-09-29 20:30:00,1.0388289741571033,0.9072306298778072
2021-09-29 21:00:00,0.9264720720259693,0.8165398013708719
2021-09-29 21:30:00,0.8533947495679722,0.7493040100955856
2021-09-29 22:00:00,0.7529301049359007,0.6586896999622514
2021-09-29 22:30:00,0.6748671806180223,0.6112644358106297
2021-09-29 23:00:00,0.6604792686501308,0.6044062787322555
2021-09-29 23:30:00,0.627351412786024,0.5687755800268119
2021-09-30 00:00:00,0.6949954297516264,0.6368283701769876
2021-09-30 00:30:00,0.6833886126220762,0.6313969309436528
2021-09-30 01:00:00,0.6448883611194616,0.5800920940847489
2021-09-30 01:30:00,0.5939247776448964,0.5387515841482828
2021-09-30 02:00:00,0.5644026933517898,0.516273946306127
2021-09-30 02:30:00,0.5665604620428053,0.5165439073707423
2021-09-30 03:00:00,0.5593544340225652,0.5108682424779797
2021-09-30 03:30:00,0.5530518519299513,0.5024342912653273
2021-09-30 04:00:00,0.5682893325399658,0.5171790718756752
2021-09-30 04:30:00,0.6005852239885688,0.5359428569386596
2021-09-30 05:00:00,0.7303559462846926,0.6189511244104348
2021-09-30 05:30:00,0.8328667196999988,0.7085741788016016
2021-09-30 06:00:00,0.9770998406181067,0.8395177286717369
2021-09-30 06:30:00,1.0255471119212705,0.9017110995157119
2021-09-30 07:00:00,0.9864810297273794,0.8232677997946805
2021-09-30 07:30:00,0.9496494011428899,0.6547115224789873
2021-09-30 08:00:00,0.8385976019128367,0.32250536309353683
2021-09-30 08:30:00,0.4036394446300003,-0.4938885145114546
2021-09-30 09:00:00,0.6259194240726077,-0.04337128158305792
2021-09-30 09:30:00,0.8922928067085463,0.33445767160500317
2021-09-30 10:00:00,0.8280996852429738,0.3527228402203459
